,last_price,adv_usd,n_days,missing,eligible,name,sector,tier
MU,823.030029296875,48134978894.23828,1255,0.0,True,Micron Technology,Information Technology,large
NVDA,200.75,30210329300.0,1255,0.0,True,Nvidia,Information Technology,large
TSLA,311.2099914550781,18791356784.838867,1255,0.0,True,"Tesla, Inc.",Consumer Discretionary,large
AAPL,308.9100036621094,15217929448.745728,1255,0.0,True,Apple Inc.,Information Technology,large
AMD,476.1499938964844,14879701566.864014,1255,0.0,True,Advanced Micro Devices,Information Technology,large
INTC,90.19999694824219,13877183781.619263,1255,0.0,True,Intel,Information Technology,large
MSFT,464.7200012207031,13623462351.513672,1255,0.0,True,Microsoft,Information Technology,large
AMZN,271.5799865722656,10635440000.0,1255,0.0,True,Amazon,Consumer Discretionary,large
GOOGL,356.1300048828125,10241152294.23523,1255,0.0,True,Alphabet Inc. (Class A),Communication Services,large
META,556.7100219726562,10011005110.107422,1255,0.0,True,Meta Platforms,Communication Services,large
AVGO,389.2799987792969,8848950552.523804,1255,0.0,True,Broadcom,Information Technology,large
GOOG,356.6499938964844,6994998928.881836,1255,0.0,True,Alphabet Inc. (Class C),Communication Services,large
MRVL,187.55999755859375,5916831084.649658,1255,0.0,True,Marvell Technology,Information Technology,large
ORCL,129.8699951171875,5045920757.180786,1255,0.0,True,Oracle Corporation,Information Technology,large
PLTR,123.05999755859375,4955044039.694214,1255,0.0,True,Palantir Technologies,Information Technology,large
LITE,713.9400024414062,4473414456.970215,1255,0.0,True,Lumentum,Information Technology,large
AMAT,507.6700134277344,4437343629.107666,1255,0.0,True,Applied Materials,Information Technology,large
WDC,544.8400268554688,4027889232.6293945,1255,0.0,True,Western Digital,Information Technology,large
STX,856.1300048828125,3905925434.4177246,1255,0.0,True,Seagate Technology,Information Technology,large
QCOM,147.61000061035156,3878184068.344116,1255,0.0,True,Qualcomm,Information Technology,large
LRCX,293.0199890136719,3440606063.873291,1255,0.0,True,Lam Research,Information Technology,large
LLY,1148.8399658203125,3173989910.888672,1255,0.0,True,Lilly (Eli),Health Care,large
NFLX,71.70999908447266,3130455836.2060547,1255,0.0,True,Netflix,Communication Services,large
DELL,405.3699951171875,2840465883.911133,1255,0.0,True,Dell Technologies,Information Technology,large
GEV,990.2899780273438,2712366517.590332,588,0.0,True,GE Vernova,Industrials,large
CSCO,115.98999786376953,2673210407.873535,1255,0.0,True,Cisco,Information Technology,large
JPM,351.7900085449219,2668740571.4263916,1255,0.0,True,JPMorgan Chase,Financials,large
CAT,814.8099975585938,2578333622.0581055,1255,0.0,True,Caterpillar Inc.,Industrials,large
V,366.1300048828125,2546592604.5898438,1255,0.0,True,Visa Inc.,Financials,large
APP,395.8999938964844,2517711857.7301025,1255,0.0,True,AppLovin,Information Technology,large
WMT,111.19999694824219,2507729616.1346436,1255,0.0,True,Walmart,Consumer Staples,large
NOW,111.2300033569336,2433893499.5796204,1255,0.0,True,ServiceNow,Information Technology,large
KLAC,182.82000732421875,2407061466.156006,1255,0.0,True,KLA Corporation,Information Technology,large
UNH,414.3999938964844,2402730839.2333984,1255,0.0,True,UnitedHealth Group,Health Care,large
GLW,138.25,2329751387.918091,1255,0.0,True,Corning Inc.,Information Technology,large
TXN,275.739990234375,2325359617.3828125,1255,0.0,True,Texas Instruments,Information Technology,large
XOM,155.44000244140625,2284051275.0,1255,0.0,True,ExxonMobil,Energy,large
BRK-B,511.5400085449219,2259180867.1325684,1255,0.0,True,Berkshire Hathaway,Financials,large
CRM,184.02000427246094,2254345557.7056885,1255,0.0,True,Salesforce,Information Technology,large
GS,1018.3800048828125,2163430012.2680664,1255,0.0,True,Goldman Sachs,Financials,large
HOOD,86.55999755859375,2154721079.425049,1255,0.0,True,Robinhood Markets,Financials,large
IBM,223.64999389648438,2143097634.3597412,1255,0.0,True,IBM,Information Technology,large
PANW,331.8299865722656,2103917277.1820068,1255,0.0,True,Palo Alto Networks,Information Technology,large
COST,951.8900146484375,2102800732.3364258,1255,0.0,True,Costco,Consumer Staples,large
COHR,262.8900146484375,1940189033.6975098,1255,0.0,True,Coherent Corp.,Information Technology,large
BAC,61.95000076293945,1848043795.1011658,1255,0.0,True,Bank of America,Financials,large
MA,573.0999755859375,1846129854.7668457,1255,0.0,True,Mastercard,Financials,large
CRWD,190.86000061035156,1843357325.0488281,1255,0.0,True,CrowdStrike,Information Technology,large
JNJ,256.3500061035156,1822123148.3154297,1255,0.0,True,Johnson & Johnson,Health Care,large
VRT,241.57000732421875,1806547134.4238281,1255,0.0,True,Vertiv,Industrials,large
ADI,367.4100036621094,1765130597.442627,1255,0.0,True,Analog Devices,Information Technology,large
CVX,196.8300018310547,1581838477.4734497,1255,0.0,True,Chevron Corporation,Energy,large
C,132.4499969482422,1551873319.9157715,1255,0.0,True,Citigroup,Financials,large
HD,331.9599914550781,1502549558.3496094,1255,0.0,True,Home Depot (The),Consumer Discretionary,large
GE,360.07000732421875,1485312434.8327637,1255,0.0,True,GE Aerospace,Industrials,large
AAL,15.270000457763672,1478635504.6020508,1255,0.0,True,American Airlines Group,Industrials,mid
SMCI,28.399999618530273,1403310852.218628,1255,0.0,True,Supermicro,Information Technology,large
ANET,180.35000610351562,1403039407.8567505,1255,0.0,True,Arista Networks,Information Technology,large
TER,367.69000244140625,1385713312.2009277,1255,0.0,True,Teradyne,Information Technology,large
COIN,146.25999450683594,1383359100.0,1255,0.0,True,Coinbase,Financials,large
INTU,316.07000732421875,1378902510.0769043,1255,0.0,True,Intuit,Information Technology,large
APH,160.6999969482422,1366607198.5931396,1255,0.0,True,Amphenol,Information Technology,large
UBER,70.36000061035156,1310418916.0331726,1255,0.0,True,Uber,Industrials,large
ABBV,250.94000244140625,1301222562.24823,1255,0.0,True,AbbVie,Health Care,large
BA,216.13999938964844,1293261163.9404297,1255,0.0,True,Boeing,Industrials,large
KO,87.58999633789062,1288413810.131836,1255,0.0,True,Coca-Cola Company (The),Consumer Staples,large
ADBE,250.41000366210938,1285372916.7861938,1255,0.0,True,Adobe Inc.,Information Technology,large
WFC,86.44999694824219,1238162600.8911133,1255,0.0,True,Wells Fargo,Financials,large
ON,81.61000061035156,1228593850.0,1255,0.0,True,ON Semiconductor,Information Technology,large
PG,144.49000549316406,1222254667.7734375,1255,0.0,True,Procter & Gamble,Consumer Staples,large
MPWR,1426.030029296875,1197492493.713379,1255,0.0,True,Monolithic Power Systems,Information Technology,large
BKNG,192.89999389648438,1185593914.6774292,1255,0.0,True,Booking Holdings,Consumer Discretionary,large
MCD,270.6400146484375,1172591072.241211,1255,0.0,True,McDonald's,Consumer Discretionary,large
T,23.25,1159421428.4057617,1255,0.0,True,AT&T,Communication Services,large
PEP,139.55999755859375,1158403750.0732422,1255,0.0,True,PepsiCo,Consumer Staples,large
MS,210.4199981689453,1155689643.8781738,1255,0.0,True,Morgan Stanley,Financials,large
NXPI,229.16000366210938,1143682640.2435303,1255,0.0,True,NXP Semiconductors,Information Technology,large
LIN,478.3800048828125,1129314145.0195312,1255,0.0,True,Linde plc,Materials,large
DDOG,267.9700012207031,1110263775.0549316,1255,0.0,True,Datadog,Information Technology,large
MRK,130.1999969482422,1109043525.3707886,1255,0.0,True,Merck & Co.,Health Care,large
ABT,105.69999694824219,1079105496.2471008,1255,0.0,True,Abbott Laboratories,Health Care,large
VZ,46.810001373291016,1064892172.0703125,1255,0.0,True,Verizon,Communication Services,large
TMO,574.2999877929688,1051479873.8800049,1255,0.0,True,Thermo Fisher Scientific,Health Care,large
CIEN,377.04998779296875,1034135452.7160645,1255,0.0,True,Ciena,Information Technology,large
MCHP,74.29000091552734,1017043189.8010254,1255,0.0,True,Microchip Technology,Information Technology,large
ISRG,353.3299865722656,1015585480.5175781,1255,0.0,True,Intuitive Surgical,Health Care,large
ACN,165.9199981689453,1015462187.5,1255,0.0,True,Accenture,Information Technology,large
RTX,215.22000122070312,986033721.8078613,1255,0.0,True,RTX Corporation,Industrials,large
PFE,25.010000228881836,973897764.3018723,1255,0.0,True,Pfizer,Health Care,large
ETN,415.20001220703125,958364242.3095703,1255,0.0,True,Eaton Corporation,Industrials,large
HON,243.0500030517578,957177228.128418,1255,0.0,True,Honeywell Technologies,Industrials,large
DIS,96.19000244140625,950766533.114624,1255,0.0,True,Walt Disney Company (The),Communication Services,large
NEE,86.91999816894531,944627057.1990967,1255,0.0,True,NextEra Energy,Utilities,large
TMUS,172.7100067138672,941039781.3720703,1255,0.0,True,T-Mobile US,Communication Services,large
AXP,336.25,940682536.1572266,1255,0.0,True,American Express,Financials,large
AZO,3016.25,908666613.28125,1255,0.0,True,AutoZone,Consumer Discretionary,large
SCHW,105.23999786376953,907466189.9848938,1255,0.0,True,Charles Schwab Corporation,Financials,large
CEG,262.75,893894617.3217773,1137,0.0,True,Constellation Energy,Utilities,large
FCX,62.630001068115234,893123338.4712219,1255,0.0,True,Freeport-McMoRan,Materials,large
BSX,46.72999954223633,891663909.387207,1255,0.0,True,Boston Scientific,Health Care,large
AMGN,385.1600036621094,887638014.9475098,1255,0.0,True,Amgen,Health Care,large
HPE,47.900001525878906,880103715.6572342,1255,0.0,True,Hewlett Packard Enterprise,Information Technology,large
SPGI,411.92999267578125,879008762.3503418,1255,0.0,True,S&P Global,Financials,large
COF,209.00999450683594,863738439.491272,1255,0.0,True,Capital One,Financials,large
TJX,157.33999633789062,860689405.9020996,1255,0.0,True,TJX Companies,Consumer Discretionary,large
GILD,130.2100067138672,860016402.9052734,1255,0.0,True,Gilead Sciences,Health Care,large
SYK,325.70001220703125,852204114.3005371,1255,0.0,True,Stryker Corporation,Health Care,large
FIX,1729.68994140625,848116430.3833008,1255,0.0,True,Comfort Systems USA,Industrials,large
NKE,41.709999084472656,844013702.324295,1255,0.0,True,"Nike, Inc.",Consumer Discretionary,large
PM,190.82000732421875,838463516.4550781,1255,0.0,True,Philip Morris International,Consumer Staples,large
SNPS,388.760009765625,833211039.4927979,1255,0.0,True,Synopsys,Information Technology,large
MCK,856.1900024414062,820712680.8288574,1255,0.0,True,McKesson Corporation,Health Care,large
CMCSA,23.959999084472656,816805145.993042,1255,0.0,True,Comcast,Communication Services,large
DHR,194.97999572753906,798726692.4438477,1255,0.0,True,Danaher Corporation,Health Care,large
CDNS,340.0199890136719,789378545.8740234,1255,0.0,True,Cadence Design Systems,Information Technology,large
FLEX,113.75,781835910.9443665,1255,0.0,True,Flex Ltd.,Information Technology,large
PWR,667.3599853515625,779495780.1818848,1255,0.0,True,Quanta Services,Industrials,large
FTNT,161.9499969482422,779352020.3796387,1255,0.0,True,Fortinet,Information Technology,large
CME,267.7900085449219,773784151.1169434,1255,0.0,True,CME Group,Financials,large
NEM,93.70999908447266,772456555.0872803,1255,0.0,True,Newmont,Materials,large
UNP,292.1300048828125,758166132.3913574,1255,0.0,True,Union Pacific Corporation,Industrials,large
COP,120.4800033569336,754288193.6798096,1255,0.0,True,ConocoPhillips,Energy,large
F,14.680000305175781,750988357.857132,1255,0.0,True,Ford Motor Company,Consumer Discretionary,large
MDT,85.38999938964844,748620013.2225037,1255,0.0,True,Medtronic,Health Care,large
DASH,196.16000366210938,745266978.4790039,1255,0.0,True,DoorDash,Consumer Discretionary,large
VLO,312.8999938964844,744603353.9886475,1255,0.0,True,Valero Energy,Energy,large
CVS,104.43000030517578,742158969.0505981,1255,0.0,True,CVS Health,Health Care,large
BLK,1090.3900146484375,731444703.8818359,1255,0.0,True,BlackRock,Financials,large
SBUX,105.25,716656470.1660156,1255,0.0,True,Starbucks,Consumer Discretionary,large
SHW,340.8500061035156,706572982.8979492,1255,0.0,True,Sherwin-Williams,Materials,large
DE,592.6699829101562,687139097.4365234,1255,0.0,True,Deere & Company,Industrials,large
RCL,318.29998779296875,686068608.7799072,1255,0.0,True,Royal Caribbean Group,Consumer Discretionary,large
PYPL,57.209999084472656,685538462.5720978,1255,0.0,True,PayPal,Financials,large
VST,148.19000244140625,683592529.5410156,1255,0.0,True,Vistra Corp.,Utilities,large
ECHO,84.08999633789062,678636539.0625,1255,0.0,True,EchoStar,Communication Services,large
CVNA,62.36000061035156,670957100.0,1255,0.0,True,Carvana,Consumer Discretionary,large
WELL,234.44000244140625,657375200.7324219,1255,0.0,True,Welltower,Real Estate,large
LOW,207.80999755859375,655424858.1588745,1255,0.0,True,Lowe's,Consumer Discretionary,large
SLB,49.59000015258789,655407888.879776,1255,0.0,True,Schlumberger,Energy,large
ROST,251.07000732421875,640891368.3776855,1255,0.0,True,Ross Stores,Consumer Discretionary,large
CCL,27.809999465942383,630056921.4134216,1255,0.0,True,Carnival Corporation,Consumer Discretionary,large
BMY,65.30999755859375,625172473.3833313,1255,0.0,True,Bristol Myers Squibb,Health Care,large
TT,454.95001220703125,624999146.0083008,1255,0.0,True,Trane Technologies,Industrials,large
HWM,282.260009765625,621392182.4951172,1255,0.0,True,Howmet Aerospace,Industrials,large
CMI,634.2000122070312,615545812.3901367,1255,0.0,True,Cummins,Industrials,large
HCA,402.5899963378906,615436159.0576172,1255,0.0,True,HCA Healthcare,Health Care,large
VRTX,477.1000061035156,609914173.6602783,1255,0.0,True,Vertex Pharmaceuticals,Health Care,large
LMT,582.739990234375,608069144.3664551,1255,0.0,True,Lockheed Martin,Industrials,large
PH,976.530029296875,605377477.4230957,1255,0.0,True,Parker Hannifin,Industrials,large
GM,88.86000061035156,604715738.3651733,1255,0.0,True,General Motors,Consumer Discretionary,large
PGR,211.4199981689453,601476250.2746582,1255,0.0,True,Progressive Corporation,Financials,large
ORLY,89.3499984741211,600093019.8371887,1255,0.0,True,O’Reilly Automotive,Consumer Discretionary,large
REGN,762.6300048828125,595417538.6901855,1255,0.0,True,Regeneron Pharmaceuticals,Health Care,large
AEP,127.8499984741211,594297068.2373047,1255,0.0,True,American Electric Power,Utilities,large
ADP,266.4599914550781,592566673.6450195,1255,0.0,True,Automatic Data Processing,Industrials,large
ICE,152.47999572753906,588249581.8435669,1255,0.0,True,Intercontinental Exchange,Financials,large
BX,127.75,587018853.8391113,1255,0.0,True,Blackstone Inc.,Financials,large
ELV,375.8399963378906,586563490.3717041,1255,0.0,True,Elevance Health,Health Care,large
DAL,87.44000244140625,585030933.7127686,1255,0.0,True,Delta Air Lines,Industrials,large
MPC,316.4700012207031,582860159.375,1255,0.0,True,Marathon Petroleum,Energy,large
WDAY,160.33999633789062,582152273.7579346,1255,0.0,True,"Workday, Inc.",Information Technology,large
CSX,50.400001525878906,578730099.2549896,1255,0.0,True,CSX Corporation,Industrials,large
TGT,144.49000549316406,570453759.0408325,1255,0.0,True,Target Corporation,Consumer Staples,large
DVN,45.130001068115234,568935557.7449799,1255,0.0,True,Devon Energy,Energy,large
CMG,37.220001220703125,566262061.7912292,1255,0.0,True,Chipotle Mexican Grill,Consumer Discretionary,large
UAL,121.33000183105469,562363372.1557617,1255,0.0,True,United Airlines Holdings,Industrials,large
MAR,372.8299865722656,557559031.262207,1255,0.0,True,Marriott International,Consumer Discretionary,large
MTSI,251.44000244140625,555915680.1269531,1255,0.0,True,MACOM Technology Solutions,Information Technology,mid
MARA,11.319999694824219,554735287.8556252,1255,0.0,True,"MARA Holdings, Inc.",Information Technology,small
EQIX,1019.280029296875,553410594.6289062,1255,0.0,True,Equinix,Real Estate,large
FDX,307.3999938964844,548456184.177948,1255,0.0,True,FedEx,Industrials,large
HLT,320.489990234375,548310866.583252,1255,0.0,True,Hilton Worldwide,Consumer Discretionary,large
CB,350.67999267578125,539162670.2331543,1255,0.0,True,Chubb Limited,Financials,large
MMM,176.27999877929688,537090174.9038696,1255,0.0,True,3M,Industrials,large
MO,68.33000183105469,535772190.6555176,1255,0.0,True,Altria,Consumer Staples,large
AMT,173.36000061035156,534900451.7944336,1255,0.0,True,American Tower,Real Estate,large
UPS,104.22000122070312,532178708.9538574,1255,0.0,True,United Parcel Service,Industrials,large
JCI,146.66000366210938,527243598.67248535,1255,0.0,True,Johnson Controls,Industrials,large
PATH,12.760000228881836,526960584.08584595,1255,0.0,True,UiPath,Information Technology,mid
OXY,57.06999969482422,520922866.20025635,1255,0.0,True,Occidental Petroleum,Energy,large
SO,94.54000091552734,520402731.42471313,1255,0.0,True,Southern Company,Utilities,large
AKAM,115.18000030517578,519337702.4154663,1255,0.0,True,Akamai Technologies,Information Technology,large
HUM,363.8599853515625,519050061.6882324,1255,0.0,True,Humana,Health Care,large
WBD,26.299999237060547,518228793.77593994,1255,0.0,True,Warner Bros. Discovery,Communication Services,large
STRL,596.77001953125,508251967.01049805,1255,0.0,True,Sterling Infrastructure,Industrials,mid
MDLZ,62.310001373291016,506436998.1616974,1255,0.0,True,Mondelez International,Consumer Staples,large
ADSK,234.1999969482422,499758885.03723145,1255,0.0,True,Autodesk,Information Technology,large
TRV,374.3599853515625,499498748.4375,1255,0.0,True,Travelers Companies (The),Financials,large
URI,1079.260009765625,498285038.0126953,1255,0.0,True,United Rentals,Industrials,large
BNY,156.3300018310547,495350477.5085449,1255,0.0,True,BNY Mellon,Financials,large
FSLR,211.02999877929688,493950163.8290405,1255,0.0,True,First Solar,Information Technology,large
TEL,205.69000244140625,493576458.18481445,1255,0.0,True,TE Connectivity,Information Technology,large
ZTS,77.29000091552734,490018233.505249,1255,0.0,True,Zoetis,Health Care,large
FN,435.4100036621094,489527386.46850586,1255,0.0,True,Fabrinet,Information Technology,mid
PLD,144.61000061035156,489389173.96850586,1255,0.0,True,Prologis,Real Estate,large
CAH,230.02999877929688,487222558.9782715,1255,0.0,True,Cardinal Health,Health Care,large
USB,63.0099983215332,486317417.06085205,1255,0.0,True,U.S. Bancorp,Financials,large
MNST,96.37999725341797,482652454.56848145,1255,0.0,True,Monster Beverage,Consumer Staples,large
ABNB,151.52000427246094,481939270.7885742,1255,0.0,True,Airbnb,Consumer Discretionary,large
TTWO,242.9199981689453,481150412.51220703,1255,0.0,True,Take-Two Interactive,Communication Services,large
AON,360.54998779296875,479097263.973999,1255,0.0,True,Aon plc,Financials,large
DLR,188.52000427246094,474578053.604126,1255,0.0,True,Digital Realty,Real Estate,large
BKR,60.4900016784668,472759050.0,1255,0.0,True,Baker Hughes,Energy,large
DOCN,117.5,471501606.0974121,1255,0.0,True,DigitalOcean,Information Technology,mid
WMB,71.54000091552734,471499676.0650635,1255,0.0,True,Williams Companies,Energy,large
HIMS,27.770000457763672,469593612.41607666,1255,0.0,True,Hims & Hers Health,Health Care,mid
NOC,542.47998046875,469410871.0205078,1255,0.0,True,Northrop Grumman,Industrials,large
TDG,1254.3800048828125,468822400.0,1255,0.0,True,TransDigm Group,Industrials,large
CRH,95.01000213623047,460598277.7633667,1255,0.0,True,CRH plc,Materials,large
KEYS,319.0799865722656,458360774.5513916,1255,0.0,True,Keysight Technologies,Information Technology,large
APO,125.58999633789062,453977215.6677246,1255,0.0,True,Apollo Global Management,Financials,large
CDE,14.90999984741211,452734690.366745,1255,0.0,True,Coeur Mining,Materials,mid
WM,226.5500030517578,448154636.18011475,1255,0.0,True,Waste Management,Industrials,large
EBAY,114.01000213623047,445291912.35961914,1255,0.0,True,eBay Inc.,Consumer Discretionary,large
PSX,211.67999267578125,442509846.46759033,1255,0.0,True,Phillips 66,Energy,large
MCO,478.3800048828125,441041100.0,1255,0.0,True,Moody's Corporation,Financials,large
PNC,249.8699951171875,438409755.31311035,1255,0.0,True,PNC Financial Services,Financials,large
EOG,148.69000244140625,437946028.6102295,1255,0.0,True,EOG Resources,Energy,large
AXON,527.760009765625,437169920.4345703,1255,0.0,True,Axon Enterprise,Industrials,large
KR,57.7400016784668,435758745.66345215,1255,0.0,True,Kroger,Consumer Staples,large
CL,91.30000305175781,435421984.1308594,1255,0.0,True,Colgate-Palmolive,Consumer Staples,large
GD,383.4200134277344,430002454.8339844,1255,0.0,True,General Dynamics,Industrials,large
ENTG,119.05000305175781,429183917.32025146,1255,0.0,True,Entegris,Information Technology,mid
DUK,125.43000030517578,425296095.9793091,1255,0.0,True,Duke Energy,Utilities,large
CI,279.04998779296875,422725067.87719727,1255,0.0,True,Cigna,Health Care,large
MRSH,189.69000244140625,421209102.65808105,1255,0.0,True,Marsh McLennan,Financials,large
SMTC,117.81999969482422,418421925.05111694,1255,0.0,True,Semtech,Information Technology,mid
TWLO,197.35000610351562,418083411.5447998,1255,0.0,True,Twilio,Information Technology,mid
KMB,109.30999755859375,417088967.75512695,1255,0.0,True,Kimberly-Clark,Consumer Staples,large
CTSH,55.349998474121094,416983313.20228577,1255,0.0,True,Cognizant,Information Technology,large
MSI,435.75,415696668.69506836,1255,0.0,True,Motorola Solutions,Information Technology,large
COR,311.3399963378906,414438800.61035156,1255,0.0,True,Cencora,Health Care,large
ECL,277.6300048828125,411222121.3989258,1255,0.0,True,Ecolab,Materials,large
FANG,202.9499969482422,408966208.9324951,1255,0.0,True,Diamondback Energy,Energy,large
EW,86.06999969482422,404519038.52233887,1255,0.0,True,Edwards Lifesciences,Health Care,large
IBKR,87.98999786376953,403459553.39279175,1255,0.0,True,Interactive Brokers,Financials,large
MTZ,263.1000061035156,402727440.82336426,1255,0.0,True,MasTec,Industrials,mid
XEL,78.19999694824219,402309275.5371094,1255,0.0,True,Xcel Energy,Utilities,large
JBL,315.04998779296875,401744215.6311035,1255,0.0,True,Jabil,Information Technology,large
NTAP,178.5,400980691.9769287,1255,0.0,True,NetApp,Information Technology,large
MKSI,297.45001220703125,399314528.33862305,1255,0.0,True,MKS Instruments,Information Technology,mid
HAL,32.25,397528438.21525574,1255,0.0,True,Halliburton,Energy,large
EA,209.86000061035156,394289498.7716675,1255,0.0,True,Electronic Arts,Communication Services,large
CARR,61.810001373291016,393387440.3137207,1255,0.0,True,Carrier Global,Industrials,large
HL,14.119999885559082,392132400.0,1255,0.0,True,Hecla Mining,Materials,mid
KKR,101.43000030517578,391660116.16744995,1255,0.0,True,KKR & Co.,Financials,large
CHTR,144.97999572753906,391574175.0,1255,0.0,True,Charter Communications,Communication Services,large
EMR,149.82000732421875,390929190.4891968,1255,0.0,True,Emerson Electric,Industrials,large
CBOE,310.2300109863281,386361698.1536865,1255,0.0,True,Cboe Global Markets,Financials,large
TFC,51.84000015258789,385754692.5842285,1255,0.0,True,Truist Financial,Financials,large
XYZ,81.23999786376953,384976803.88183594,1255,0.0,True,"Block, Inc.",Financials,large
AMKR,49.869998931884766,383375811.4982605,1255,0.0,True,Amkor Technology,Information Technology,mid
CTAS,204.6300048828125,382560809.95788574,1255,0.0,True,Cintas,Industrials,large
EXC,45.81999969482422,381329574.40338135,1255,0.0,True,Exelon,Utilities,large
AJG,249.4199981689453,379180781.0974121,1255,0.0,True,Arthur J. Gallagher & Co.,Financials,large
LYV,174.1300048828125,379107600.0,1255,0.0,True,Live Nation Entertainment,Communication Services,large
HBAN,17.040000915527344,377086115.3910637,1255,0.0,True,Huntington Bancshares,Financials,large
ODFL,212.13999938964844,376858308.4487915,1255,0.0,True,Old Dominion,Industrials,large
OKTA,141.92999267578125,375709040.22216797,1255,0.0,True,"Okta, Inc.",Information Technology,mid
TTMI,115.44000244140625,374341860.887146,1255,0.0,True,TTM Technologies,Information Technology,mid
MSCI,572.239990234375,373210641.3574219,1255,0.0,True,MSCI Inc.,Financials,large
HPQ,27.270000457763672,370124225.73947906,1255,0.0,True,HP Inc.,Information Technology,large
LULU,118.87000274658203,369999770.2354431,1255,0.0,True,Lululemon Athletica,Consumer Discretionary,large
LHX,277.05999755859375,369085859.954834,1255,0.0,True,L3Harris,Industrials,large
D,69.16999816894531,368510669.1192627,1255,0.0,True,Dominion Energy,Utilities,large
MXL,66.81999969482422,367240845.1766968,1255,0.0,True,"MaxLinear, Inc.",Information Technology,small
DXCM,83.44999694824219,367136156.7436218,1255,0.0,True,Dexcom,Health Care,large
ALL,264.0799865722656,363280583.77075195,1255,0.0,True,Allstate,Financials,large
TTD,18.040000915527344,363133903.8871765,1255,0.0,True,Trade Desk (The),Communication Services,large
ETR,107.62000274658203,361620940.08865356,1255,0.0,True,Entergy,Utilities,large
EXPE,294.739990234375,361264612.8692627,1255,0.0,True,Expedia Group,Consumer Discretionary,large
DOW,30.290000915527344,360387500.0,1255,0.0,True,Dow Inc.,Materials,large
GWW,1382.219970703125,359981754.71191406,1255,0.0,True,W. W. Grainger,Industrials,large
EQT,53.290000915527344,359790054.48799133,1255,0.0,True,EQT Corporation,Energy,large
KDP,31.1200008392334,357603332.4361801,1255,0.0,True,Keurig Dr Pepper,Consumer Staples,large
VEEV,203.77999877929688,357539392.8588867,1255,0.0,True,Veeva Systems,Health Care,large
NCLH,18.530000686645508,357455134.20066833,1255,0.0,True,Norwegian Cruise Line Holdings,Consumer Discretionary,large
SPG,229.3699951171875,356548462.03308105,1255,0.0,True,Simon Property Group,Real Estate,large
YUM,153.27999877929688,354505084.30633545,1255,0.0,True,Yum! Brands,Consumer Discretionary,large
CASY,871.0,353547907.80029297,1255,0.0,True,Casey's,Consumer Staples,large
FICO,1122.969970703125,352925077.1972656,1255,0.0,True,Fair Isaac,Information Technology,large
HSY,175.0500030517578,352314628.4637451,1255,0.0,True,Hershey Company (The),Consumer Staples,large
KVUE,19.239999771118164,351289156.20803833,813,0.0,True,Kenvue,Consumer Staples,large
VRSK,194.85000610351562,349323663.2507324,1255,0.0,True,Verisk Analytics,Industrials,large
FISV,53.939998626708984,346918438.75198364,1254,0.001984126984126984,True,Fiserv,Financials,large
TSCO,30.770000457763672,346803263.2095337,1255,0.0,True,Tractor Supply,Consumer Discretionary,large
APD,294.8900146484375,346688100.0,1255,0.0,True,Air Products,Materials,large
TPR,152.3699951171875,346590150.37841797,1255,0.0,True,"Tapestry, Inc.",Consumer Discretionary,large
IDXX,559.0700073242188,346491089.4165039,1255,0.0,True,Idexx Laboratories,Health Care,large
SWKS,62.279998779296875,345562064.9497986,1255,0.0,True,Skyworks Solutions,Information Technology,large
NUE,257.2900085449219,344114284.7595215,1255,0.0,True,Nucor,Materials,large
ROP,391.9700012207031,343195463.5559082,1255,0.0,True,Roper Technologies,Information Technology,large
NRG,134.2899932861328,342163319.2260742,1255,0.0,True,NRG Energy,Utilities,large
DLTR,127.20999908447266,340175740.48080444,1255,0.0,True,Dollar Tree,Consumer Staples,large
DG,127.05000305175781,339329318.69125366,1255,0.0,True,Dollar General,Consumer Staples,large
O,63.869998931884766,339297336.5306854,1255,0.0,True,Realty Income,Real Estate,large
GIS,35.75,338979824.1443634,1255,0.0,True,General Mills,Consumer Staples,large
ITW,286.95001220703125,338967750.0,1255,0.0,True,Illinois Tool Works,Industrials,large
NSC,335.4800109863281,338788659.23461914,1255,0.0,True,Norfolk Southern,Industrials,large
MRNA,54.81999969482422,338012389.2211914,1255,0.0,True,Moderna,Health Care,large
PCAR,132.67999267578125,337823130.0476074,1255,0.0,True,Paccar,Industrials,large
BDX,165.6199951171875,337683443.7713623,1255,0.0,True,Becton Dickinson,Health Care,large
FITB,56.5,337592368.9743042,1255,0.0,True,Fifth Third Bancorp,Financials,large
CCI,76.30000305175781,337196579.33044434,1255,0.0,True,Crown Castle,Real Estate,large
CRS,519.6599731445312,336637981.81152344,1255,0.0,True,Carpenter Technology,Industrials,mid
STT,184.16000366210938,335300118.66760254,1255,0.0,True,State Street Corporation,Financials,large
RSG,210.5500030517578,333721983.9782715,1255,0.0,True,Republic Services,Industrials,large
FAST,47.709999084472656,332712311.91444397,1255,0.0,True,Fastenal,Industrials,large
VTR,93.51000213623047,331705102.1575928,1255,0.0,True,Ventas,Real Estate,large
SITM,535.2000122070312,331470632.0800781,1255,0.0,True,SiTime,Information Technology,mid
ROKU,145.00999450683594,330503714.4104004,1255,0.0,True,"Roku, Inc.",Communication Services,mid
DHI,143.05999755859375,329745411.0900879,1255,0.0,True,D. R. Horton,Consumer Discretionary,large
ONTO,258.5799865722656,328365674.17144775,1255,0.0,True,Onto Innovation,Information Technology,mid
ULTA,512.8300170898438,327324445.1660156,1255,0.0,True,Ulta Beauty,Consumer Discretionary,large
PAYX,116.83999633789062,325839735.370636,1255,0.0,True,Paychex,Industrials,large
ROK,480.0799865722656,324780889.7277832,1255,0.0,True,Rockwell Automation,Industrials,large
MP,41.369998931884766,323807118.63975525,1255,0.0,True,MP Materials,Materials,mid
HUBB,472.54998779296875,323653802.0321045,1255,0.0,True,Hubbell Incorporated,Industrials,large
PINS,24.010000228881836,322084369.0624237,1255,0.0,True,Pinterest,Communication Services,mid
KHC,25.850000381469727,321994641.06235504,1255,0.0,True,Kraft Heinz,Consumer Staples,large
ALB,117.63999938964844,320196019.9890137,1255,0.0,True,Albemarle Corporation,Materials,large
CLSK,13.760000228881836,319344241.8241501,1255,0.0,True,"CleanSpark, Inc.",Information Technology,small
NVT,153.8300018310547,318574321.08154297,1255,0.0,True,nVent Electric plc,Industrials,mid
NDAQ,94.19000244140625,315405156.86187744,1255,0.0,True,"Nasdaq, Inc.",Financials,large
RMBS,91.02999877929688,314108578.44085693,1255,0.0,True,Rambus,Information Technology,mid
VMC,268.57000732421875,311949049.74975586,1255,0.0,True,Vulcan Materials Company,Materials,large
CPRT,29.1200008392334,311916132.15999603,1255,0.0,True,Copart,Industrials,large
CNC,62.220001220703125,311874904.40979004,1255,0.0,True,Centene Corporation,Health Care,large
OKE,90.80999755859375,309350299.3865967,1255,0.0,True,Oneok,Energy,large
CTVA,78.70999908447266,307966724.8779297,1255,0.0,True,Corteva,Materials,large
GEHC,68.0199966430664,307259543.5764313,908,0.0,True,GE HealthCare,Health Care,large
WAT,377.30999755859375,306590557.3272705,1255,0.0,True,Waters Corporation,Health Care,large
PPL,35.209999084472656,306153890.81954956,1255,0.0,True,PPL Corporation,Utilities,large
LYB,62.08000183105469,305415658.78829956,1255,0.0,True,LyondellBasell,Materials,large
MLM,525.1400146484375,304973403.64990234,1255,0.0,True,Martin Marietta Materials,Materials,large
TOST,32.27000045776367,303173988.03253174,1219,0.0,True,"Toast, Inc.",Financials,mid
EME,797.4299926757812,302590970.703125,1255,0.0,True,Emcor,Industrials,large
EXE,94.02999877929688,300773081.9091797,1255,0.0,True,Expand Energy,Energy,large
AA,45.2599983215332,300416886.3632202,1255,0.0,True,Alcoa,Materials,mid
TRGP,270.3699951171875,299318355.8166504,1255,0.0,True,Targa Resources,Energy,large
CF,125.19000244140625,298853289.1845703,1255,0.0,True,CF Industries,Materials,large
ENPH,37.540000915527344,297179077.6824951,1255,0.0,True,Enphase Energy,Information Technology,small
CFG,71.6500015258789,297085889.9120331,1255,0.0,True,Citizens Financial Group,Financials,large
MET,96.12999725341797,296737321.497345,1255,0.0,True,MetLife,Financials,large
NXT,89.87000274658203,296126002.38952637,871,0.0,True,Nextpower,Industrials,mid
ILMN,205.10000610351562,296058449.42626953,1255,0.0,True,"Illumina, Inc.",Health Care,mid
KMI,32.18000030517578,295890525.0,1255,0.0,True,Kinder Morgan,Energy,large
RF,30.950000762939453,294385956.6040039,1255,0.0,True,Regions Financial Corporation,Financials,large
STZ,130.22999572753906,289508426.98516846,1255,0.0,True,Constellation Brands,Consumer Staples,large
VSH,34.220001220703125,289049357.106781,1255,0.0,True,Vishay Intertechnology,Information Technology,small
A,138.3699951171875,286760003.3569336,1255,0.0,True,Agilent Technologies,Health Care,large
ARES,128.08999633789062,286375701.6357422,1255,0.0,True,Ares Management,Financials,large
KNX,69.52999877929688,286277113.13934326,1255,0.0,True,Knight-Swift,Industrials,mid
AMP,545.8400268554688,284729143.46313477,1255,0.0,True,Ameriprise Financial,Financials,large
SRE,88.55000305175781,284357302.8717041,1255,0.0,True,Sempra,Utilities,large
IR,83.37999725341797,283443975.0,1255,0.0,True,Ingersoll Rand,Industrials,large
PSA,324.1700134277344,282927736.138916,1255,0.0,True,Public Storage,Real Estate,large
IQV,235.02000427246094,280256751.2496948,1255,0.0,True,IQVIA,Health Care,large
LSCC,124.2699966430664,279302266.03393555,1255,0.0,True,Lattice Semiconductor,Information Technology,mid
STLD,251.25999450683594,278848122.1191406,1255,0.0,True,Steel Dynamics,Materials,large
RMD,210.97999572753906,277008269.7753906,1255,0.0,True,ResMed,Health Care,large
LUV,44.970001220703125,276092529.0687561,1255,0.0,True,Southwest Airlines,Industrials,large
ATI,187.44000244140625,275403774.3759155,1255,0.0,True,ATI Inc.,Industrials,mid
BBY,86.26000213623047,275163921.836853,1255,0.0,True,Best Buy,Consumer Discretionary,large
PCG,17.3799991607666,274504885.66799164,1255,0.0,True,PG&E Corporation,Utilities,large
EFX,172.6199951171875,273182786.8652344,1255,0.0,True,Equifax,Industrials,large
ADM,79.2699966430664,272593367.1737671,1255,0.0,True,Archer Daniels Midland,Consumer Staples,large
TLN,334.1000061035156,271630842.43774414,793,0.0,True,Talen Energy,Utilities,mid
AEIS,289.5199890136719,269630835.1654053,1255,0.0,True,Advanced Energy,Information Technology,mid
CBRE,146.80999755859375,268779743.53027344,1255,0.0,True,CBRE Group,Real Estate,large
CHRW,147.72999572753906,268084950.0,1255,0.0,True,C.H. Robinson,Industrials,large
DPZ,347.44000244140625,264689371.64001465,1255,0.0,True,Domino's,Consumer Discretionary,large
FTI,71.66000366210938,264217034.17739868,1255,0.0,True,TechnipFMC,Energy,mid
OMC,78.69999694824219,262198023.76937866,1255,0.0,True,Omnicom Group,Communication Services,large
AIG,78.58000183105469,261695025.02746582,1255,0.0,True,American International Group,Financials,large
AME,241.7100067138672,261275391.86401367,1255,0.0,True,Ametek,Industrials,large
EL,83.9000015258789,261118055.47332764,1255,0.0,True,Estée Lauder Companies (The),Consumer Staples,large
OTIS,71.94999694824219,260924099.9633789,1255,0.0,True,Otis Worldwide,Industrials,large
VIAV,36.95000076293945,260138364.52407837,1255,0.0,True,Viavi Solutions,Information Technology,mid
CELH,29.209999084472656,257736229.7264099,1255,0.0,True,Celsius Holdings,Consumer Staples,mid
SYF,75.79000091552734,256860000.0,1255,0.0,True,Synchrony Financial,Financials,large
FIS,44.77000045776367,255325520.52078247,1255,0.0,True,Fidelity National Information Services,Financials,large
GPN,84.08000183105469,255180261.50512695,1255,0.0,True,Global Payments,Financials,large
XPO,200.97000122070312,255175004.1809082,1255,0.0,True,"XPO, Inc.",Industrials,mid
CNP,42.040000915527344,255056231.19277954,1255,0.0,True,CenterPoint Energy,Utilities,large
WWD,360.75,255028762.80517578,1255,0.0,True,"Woodward, Inc.",Industrials,mid
SYY,85.23999786376953,252494214.5324707,1255,0.0,True,Sysco,Consumer Staples,large
AFL,127.4800033569336,252272720.942688,1255,0.0,True,Aflac,Financials,large
DRI,203.5800018310547,251444100.7461548,1255,0.0,True,Darden Restaurants,Consumer Discretionary,large
JBHT,271.75,251150694.3206787,1255,0.0,True,J.B. Hunt,Industrials,large
DKS,195.91000366210938,249855417.3980713,1255,0.0,True,Dick's Sporting Goods,Consumer Discretionary,mid
AWK,134.1699981689453,249842206.82373047,1255,0.0,True,American Water Works,Utilities,large
THC,254.77999877929688,249112198.40698242,1255,0.0,True,Tenet Health,Health Care,mid
KEY,22.59000015258789,245625686.17916107,1255,0.0,True,KeyCorp,Financials,large
CDW,147.80999755859375,245124116.4855957,1255,0.0,True,CDW Corporation,Information Technology,large
WST,340.9599914550781,244072936.52954102,1255,0.0,True,West Pharmaceutical Services,Health Care,large
ED,108.8499984741211,242923376.04904175,1255,0.0,True,Consolidated Edison,Utilities,large
TKO,181.80999755859375,241844407.13653564,1255,0.0,True,TKO Group Holdings,Communication Services,large
USFD,100.58999633789062,240301256.89086914,1255,0.0,True,US Foods,Consumer Staples,mid
MTB,246.2899932861328,238943978.73382568,1255,0.0,True,M&T Bank,Financials,large
CMS,71.98999786376953,236321829.9812317,1255,0.0,True,CMS Energy,Utilities,large
PEG,76.68000030517578,233066170.25299072,1255,0.0,True,Public Service Enterprise Group,Utilities,large
MTD,1416.300048828125,231907923.41308594,1255,0.0,True,Mettler Toledo,Health Care,large
ATO,172.77999877929688,231857401.08032227,1255,0.0,True,Atmos Energy,Utilities,large
RL,380.3399963378906,231786954.7668457,1255,0.0,True,Ralph Lauren Corporation,Consumer Discretionary,large
UTHR,517.7100219726562,231225600.3173828,1255,0.0,True,United Therapeutics,Health Care,mid
CLX,95.52999877929688,230759257.5805664,1255,0.0,True,Clorox,Consumer Staples,large
CAVA,65.2300033569336,230275071.45080566,784,0.0,True,Cava Group,Consumer Discretionary,mid
FFIV,402.57000732421875,230256696.58203125,1255,0.0,True,"F5, Inc.",Information Technology,large
WBS,77.22000122070312,229751885.41488647,1255,0.0,True,Webster Bank,Financials,mid
FIVE,217.1300048828125,229615007.23266602,1255,0.0,True,Five Below,Consumer Discretionary,mid
WEC,109.41999816894531,229488406.91070557,1255,0.0,True,WEC Energy Group,Utilities,large
FOXA,58.22999954223633,223469269.24324036,1255,0.0,True,Fox Corporation (Class A),Communication Services,large
BURL,368.4800109863281,222210036.7614746,1255,0.0,True,Burlington Stores,Consumer Discretionary,mid
PODD,165.35000610351562,219567728.2180786,1255,0.0,True,Insulet Corporation,Health Care,large
WSM,228.66000366210938,219472053.84521484,1255,0.0,True,"Williams-Sonoma, Inc.",Consumer Discretionary,large
ZBRA,293.82000732421875,219255491.5649414,1255,0.0,True,Zebra Technologies,Information Technology,large
WAB,290.8599853515625,218889204.78515625,1255,0.0,True,Wabtec,Industrials,large
HIG,141.91000366210938,218397686.71875,1255,0.0,True,Hartford (The),Financials,large
CSGP,28.760000228881836,217953934.85183716,1255,0.0,True,CoStar Group,Real Estate,large
VICI,26.350000381469727,217765215.5725479,1255,0.0,True,Vici Properties,Real Estate,large
WCC,343.489990234375,217605839.9963379,1255,0.0,True,WESCO International,Industrials,mid
LEN,82.3499984741211,216927073.38562012,1255,0.0,True,Lennar,Consumer Discretionary,large
GNRC,197.11000061035156,216635518.10913086,1255,0.0,True,Generac,Industrials,large
VRSN,290.0199890136719,216361980.80444336,1255,0.0,True,Verisign,Information Technology,large
PHM,126.47000122070312,215445507.12890625,1255,0.0,True,PulteGroup,Consumer Discretionary,large
XYL,116.97000122070312,215213897.83935547,1255,0.0,True,Xylem Inc.,Industrials,large
SN,161.77000427246094,214618077.7809143,754,0.0,True,SharkNinja,Consumer Discretionary,mid
SW,45.970001220703125,214285246.41723633,1255,0.0,True,Smurfit Westrock,Materials,large
IRM,122.31999969482422,214072248.21014404,1255,0.0,True,Iron Mountain,Real Estate,large
TYL,309.6000061035156,213147350.77819824,1255,0.0,True,Tyler Technologies,Information Technology,large
DECK,96.87999725341797,212459333.203125,1255,0.0,True,Deckers Brands,Consumer Discretionary,large
TROW,111.75,211659175.4486084,1255,0.0,True,T. Rowe Price,Financials,large
LVS,48.88999938964844,211623339.3688202,1255,0.0,True,Las Vegas Sands,Consumer Discretionary,large
VICR,207.3699951171875,211216722.63183594,1255,0.0,True,Vicor Corporation,Industrials,mid
KTOS,46.599998474121094,210896783.6177826,1255,0.0,True,Kratos Defense & Security Solutions,Industrials,mid
PPG,110.5199966430664,210248469.2718506,1255,0.0,True,PPG Industries,Materials,large
FDS,263.20001220703125,209567801.39160156,1255,0.0,True,FactSet,Financials,large
BIIB,202.9499969482422,208069893.88427734,1255,0.0,True,Biogen,Health Care,large
LII,415.8800048828125,207227039.79492188,1255,0.0,True,Lennox International,Industrials,large
CAG,14.510000228881836,206475623.27957153,1255,0.0,True,Conagra Brands,Consumer Staples,small
RRX,205.22999572753906,205401969.4519043,1255,0.0,True,Regal Rexnord,Industrials,mid
DY,401.07000732421875,204968364.6911621,1255,0.0,True,Dycom Industries,Industrials,mid
GWRE,151.94000244140625,204710138.28125,1255,0.0,True,Guidewire Software,Information Technology,mid
RJF,175.97999572753906,204429753.68499756,1255,0.0,True,Raymond James Financial,Financials,large
ELF,82.88999938964844,202851948.21357727,1255,0.0,True,e.l.f. Beauty,Consumer Staples,mid
P,77.16999816894531,202615237.7090454,1255,0.0,True,Everpure,Information Technology,mid
FE,48.310001373291016,202529988.6528015,1255,0.0,True,FirstEnergy,Utilities,large
AGX,570.4299926757812,201648082.32421875,1255,0.0,True,"Argan, Inc.",Industrials,small
AVAV,149.3699951171875,201619614.64233398,1255,0.0,True,AeroVironment,Industrials,mid
ACGL,100.52999877929688,201515156.1126709,1255,0.0,True,Arch Capital Group,Financials,large
HST,25.1299991607666,199398150.0,1255,0.0,True,Host Hotels & Resorts,Real Estate,large
DT,44.31999969482422,199045276.04599,1255,0.0,True,Dynatrace,Information Technology,mid
DOV,204.6199951171875,198585557.1044922,1255,0.0,True,Dover Corporation,Industrials,large
PTC,137.1999969482422,198488349.00665283,1255,0.0,True,PTC Inc.,Information Technology,large
ROL,37.970001220703125,197792894.88105774,1255,0.0,True,"Rollins, Inc.",Industrials,large
DTE,141.8699951171875,197697107.37304688,1255,0.0,True,DTE Energy,Utilities,large
CLF,11.520000457763672,197592127.75554657,1255,0.0,True,Cleveland-Cliffs,Materials,mid
BROS,65.83000183105469,197381748.12698364,1224,0.0,True,Dutch Bros Inc.,Consumer Discretionary,mid
PENG,52.630001068115234,196789135.36720276,1255,0.0,True,"Penguin Solutions, Inc.",Information Technology,small
APA,37.31999969482422,196719344.08950806,1255,0.0,True,APA Corporation,Energy,large
NI,44.43000030517578,196563817.3828125,1255,0.0,True,NiSource,Utilities,large
BG,106.2300033569336,196259741.7175293,1255,0.0,True,Bunge Global,Consumer Staples,large
CPAY,382.1099853515625,195882480.28564453,1255,0.0,True,Corpay,Financials,large
BWA,63.7400016784668,195368650.0694275,1255,0.0,True,BorgWarner,Consumer Discretionary,mid
IT,151.02000427246094,194343639.64233398,1255,0.0,True,Gartner,Information Technology,large
TDY,655.5700073242188,194306763.69628906,1255,0.0,True,Teledyne Technologies,Information Technology,large
MOH,195.6199951171875,193639080.5480957,1255,0.0,True,Molina Healthcare,Health Care,mid
PRU,122.08000183105469,193613885.17456055,1255,0.0,True,Prudential Financial,Financials,large
IP,40.83000183105469,193171949.6520996,1255,0.0,True,International Paper,Materials,large
TECH,72.08999633789062,191501858.74328613,1255,0.0,True,Bio-Techne,Health Care,large
ETSY,81.68000030517578,190982909.43603516,1255,0.0,True,Etsy,Consumer Discretionary,small
FORM,106.19999694824219,189699598.43444824,1255,0.0,True,"FormFactor, Inc.",Information Technology,small
CHWY,22.600000381469727,189417138.14544678,1255,0.0,True,Chewy,Consumer Discretionary,mid
JAZZ,252.86000061035156,188307347.55859375,1255,0.0,True,Jazz Pharmaceuticals,Health Care,mid
SNX,255.6999969482422,187169858.58917236,1255,0.0,True,TD Synnex,Information Technology,mid
LYFT,15.859999656677246,186509821.00219727,1255,0.0,True,"Lyft, Inc.",Industrials,small
LNT,70.77999877929688,185872504.54101562,1255,0.0,True,Alliant Energy,Utilities,large
BR,153.9499969482422,185540350.48828125,1255,0.0,True,Broadridge Financial Solutions,Industrials,large
PR,21.309999465942383,185234104.57611084,1255,0.0,True,Permian Resources,Energy,mid
NBIX,166.8000030517578,184860042.8375244,1255,0.0,True,Neurocrine Biosciences,Health Care,mid
ZBH,93.93000030517578,184735742.5415039,1255,0.0,True,Zimmer Biomet,Health Care,large
DD,137.0,184676652.64587402,1255,0.0,True,DuPont,Materials,large
MOS,22.1200008392334,184593672.1643448,1255,0.0,True,Mosaic Company (The),Materials,large
OVV,62.459999084472656,184478602.49328613,1255,0.0,True,Ovintiv,Energy,mid
SANM,185.55999755859375,184185478.21044922,1255,0.0,True,Sanmina Corporation,Information Technology,mid
TSN,57.959999084472656,184067112.5026703,1255,0.0,True,Tyson Foods,Consumer Staples,large
JKHY,154.0399932861328,184043580.13916016,1255,0.0,True,Jack Henry & Associates,Financials,large
BRO,70.4000015258789,183855745.8984375,1255,0.0,True,Brown & Brown,Financials,large
TXRH,205.44000244140625,183830969.86083984,1255,0.0,True,Texas Roadhouse,Consumer Discretionary,mid
EQR,66.44999694824219,183422093.85986328,1255,0.0,True,Equity Residential,Real Estate,large
MKC,50.900001525878906,183373785.05592346,1255,0.0,True,McCormick & Company,Consumer Staples,large
GRMN,293.7799987792969,181979853.62548828,1255,0.0,True,Garmin,Consumer Discretionary,large
GDDY,82.73999786376953,181444803.77197266,1255,0.0,True,GoDaddy,Information Technology,large
AEE,109.61000061035156,180999389.4996643,1255,0.0,True,Ameren,Utilities,large
NTNX,59.0099983215332,180669377.66571045,1255,0.0,True,Nutanix,Information Technology,mid
DINO,91.47000122070312,180166295.2102661,1255,0.0,True,HF Sinclair,Energy,mid
EXPD,167.88999938964844,179749522.68218994,1255,0.0,True,Expeditors International,Industrials,large
SGI,65.33000183105469,178217050.55236816,1255,0.0,True,Somnigroup International,Consumer Discretionary,mid
CW,724.0,177623013.4765625,1255,0.0,True,Curtiss-Wright,Industrials,mid
BJ,97.77999877929688,176840454.43267822,1255,0.0,True,BJ's Wholesale Club,Consumer Staples,mid
WTW,335.9200134277344,176118740.22216797,1255,0.0,True,Willis Towers Watson,Financials,large
GPC,124.37000274658203,175590326.0131836,1255,0.0,True,Genuine Parts Company,Consumer Discretionary,large
CHD,98.80999755859375,175523296.3371277,1255,0.0,True,Church & Dwight,Consumer Staples,large
AVB,185.61000061035156,175157507.2631836,1255,0.0,True,AvalonBay Communities,Real Estate,large
VLTO,94.16999816894531,174792599.5941162,708,0.0,True,Veralto,Industrials,large
APTV,56.470001220703125,174514311.83166504,1255,0.0,True,Aptiv,Consumer Discretionary,large
CART,44.599998474121094,173924814.25094604,719,0.0,True,Maplebear Inc.,Consumer Staples,mid
CRL,232.50999450683594,173730117.2241211,1255,0.0,True,Charles River Laboratories,Health Care,large
WING,129.49000549316406,173572686.0748291,1255,0.0,True,Wingstop,Consumer Discretionary,mid
ES,71.58999633789062,173533138.95492554,1255,0.0,True,Eversource Energy,Utilities,large
SEI,51.40999984741211,173317348.80065918,1255,0.0,True,"Solaris Energy Infrastructure, Inc.",Energy,small
VSAT,76.93000030517578,172997299.01733398,1255,0.0,True,"Viasat, Inc.",Information Technology,small
NVR,6147.0498046875,172518385.25390625,1255,0.0,True,"NVR, Inc.",Consumer Discretionary,large
BLDR,66.44000244140625,171978538.27972412,1255,0.0,True,Builders FirstSource,Industrials,large
POWL,208.67999267578125,171500995.22705078,1255,0.0,True,"Powell Industries, Inc.",Industrials,small
FTV,59.209999084472656,170954680.8719635,1255,0.0,True,Fortive,Industrials,large
SJM,119.26000213623047,170875222.8302002,1255,0.0,True,J.M. Smucker Company (The),Consumer Staples,large
SBAC,180.97999572753906,170348809.60235596,1255,0.0,True,SBA Communications,Real Estate,large
STE,228.39999389648438,169894032.94830322,1255,0.0,True,Steris,Health Care,large
INCY,119.5199966430664,169876735.3340149,1255,0.0,True,Incyte,Health Care,large
DGX,233.00999450683594,169264026.08947754,1255,0.0,True,Quest Diagnostics,Health Care,large
BWXT,168.6999969482422,168987763.42468262,1255,0.0,True,BWX Technologies,Industrials,mid
COO,72.31999969482422,168957087.15019226,1255,0.0,True,Cooper Companies (The),Health Care,large
ALGN,169.16000366210938,168799411.8713379,1255,0.0,True,Align Technology,Health Care,large
EVRG,83.01000213623047,168455352.36587524,1255,0.0,True,Evergy,Utilities,large
LH,309.20001220703125,167805899.36523438,1255,0.0,True,Labcorp,Health Care,large
DVA,240.08999633789062,167346724.66278076,1255,0.0,True,DaVita,Health Care,large
BTSG,59.709999084472656,166427512.4420166,630,0.0,True,BrightSpring Health Services,Health Care,mid
EIX,73.37000274658203,165791363.3026123,1255,0.0,True,Edison International,Utilities,large
MAS,71.4800033569336,165670063.20343018,1255,0.0,True,Masco,Industrials,large
PNR,65.44000244140625,164978598.72436523,1255,0.0,True,Pentair,Industrials,large
DOCU,54.83000183105469,164370205.52597046,1255,0.0,True,Docusign,Information Technology,mid
DUOL,134.80999755859375,164342569.53048706,1255,0.0,True,Duolingo,Consumer Discretionary,mid
SFM,87.16000366210938,164026573.1124878,1255,0.0,True,Sprouts Farmers Market,Consumer Staples,mid
AR,36.13999938964844,163750217.2531128,1255,0.0,True,Antero Resources,Energy,mid
NTRS,182.19000244140625,163668248.17199707,1255,0.0,True,Northern Trust,Financials,large
DAVE,372.69000244140625,163320931.41174316,1255,0.0,True,"Dave, Inc.",Financials,small
POOL,185.7100067138672,163061546.34094238,1255,0.0,True,Pool Corporation,Consumer Discretionary,small
LDOS,115.5999984741211,162542647.90344238,1255,0.0,True,Leidos,Industrials,large
ITT,195.97999572753906,162040969.71435547,1255,0.0,True,ITT Inc.,Industrials,mid
PFGC,114.38999938964844,161795335.93673706,1255,0.0,True,Performance Food Group,Consumer Staples,mid
PRIM,84.41000366210938,160852553.4286499,1255,0.0,True,Primoris Services Corporation,Industrials,small
MUSA,607.760009765625,160835007.94067383,1255,0.0,True,Murphy USA,Consumer Discretionary,mid
TRU,78.62000274658203,160368822.52807617,1255,0.0,True,TransUnion,Industrials,mid
ROIV,33.90999984741211,159359200.856781,1255,0.0,True,Roivant Sciences,Health Care,mid
SAIA,347.6300048828125,159345417.57202148,1255,0.0,True,Saia,Industrials,mid
MGM,44.56999969482422,155264195.37506104,1255,0.0,True,MGM Resorts,Consumer Discretionary,large
ALLE,157.39999389648438,154849101.2878418,1255,0.0,True,Allegion,Industrials,large
UHS,168.44000244140625,154039265.28320312,1255,0.0,True,Universal Health Services,Health Care,large
ESI,36.72999954223633,153245446.244812,1255,0.0,True,Element Solutions,Materials,small
INVH,29.719999313354492,153244677.6123047,1255,0.0,True,Invitation Homes,Real Estate,large
VTRS,17.559999465942383,152376505.5656433,1255,0.0,True,Viatris,Health Care,large
EXR,148.0399932861328,152307696.26312256,1255,0.0,True,Extra Space Storage,Real Estate,large
TRMB,56.58000183105469,151971938.3972168,1255,0.0,True,Trimble Inc.,Information Technology,large
CYTK,77.12999725341797,151469315.18554688,1255,0.0,True,Cytokinetics,Health Care,mid
EAT,213.6999969482422,151327969.36798096,1255,0.0,True,"Brinker International, Inc.",Consumer Discretionary,small
TOL,145.88999938964844,150144895.81451416,1255,0.0,True,Toll Brothers,Consumer Discretionary,mid
RGLD,198.35000610351562,149749771.58203125,1255,0.0,True,Royal Gold,Materials,mid
MEDP,577.1099853515625,149665100.18920898,1255,0.0,True,Medpace,Health Care,mid
HAS,93.94000244140625,148794283.53424072,1255,0.0,True,Hasbro,Consumer Discretionary,large
CSL,359.9200134277344,148598149.4506836,1255,0.0,True,Carlisle Companies,Industrials,mid
CPB,21.979999542236328,147940737.50839233,1255,0.0,True,The Campbell's Company,Consumer Staples,small
H,174.05999755859375,147490452.5756836,1255,0.0,True,Hyatt,Consumer Discretionary,mid
EPAM,105.55999755859375,146829887.1826172,1255,0.0,True,EPAM Systems,Information Technology,small
BAH,69.72000122070312,146508292.07382202,1255,0.0,True,Booz Allen Hamilton,Industrials,mid
NLY,22.719999313354492,146138279.96635437,1255,0.0,True,Annaly Capital Management,Financials,mid
LFUS,442.1300048828125,145800711.819458,1255,0.0,True,Littelfuse,Information Technology,mid
FLS,75.98999786376953,145480899.72457886,1255,0.0,True,Flowserve,Industrials,mid
EQH,47.650001525878906,145219220.4170227,1255,0.0,True,Equitable Holdings,Financials,mid
GAP,20.09000015258789,144451408.77685547,1255,0.0,True,Gap Inc.,Consumer Discretionary,mid
SEDG,41.20000076293945,144071170.7977295,1255,0.0,True,SolarEdge,Information Technology,small
HII,326.45001220703125,143184800.0,1255,0.0,True,Huntington Ingalls Industries,Industrials,large
GEN,27.450000762939453,143084650.82473755,1255,0.0,True,Gen Digital,Information Technology,large
ALK,47.45000076293945,142056646.27075195,1255,0.0,True,Alaska Air Group,Industrials,mid
UDR,38.15999984741211,141972525.16555786,1255,0.0,True,"UDR, Inc.",Real Estate,large
IFF,79.22000122070312,141811300.655365,1255,0.0,True,International Flavors & Fragrances,Materials,large
J,134.92999267578125,141720657.97729492,1255,0.0,True,Jacobs Solutions,Industrials,large
AMCR,44.880001068115234,141506363.28315735,1255,0.0,True,Amcor,Materials,large
EVR,320.55999755859375,141465848.8647461,1255,0.0,True,Evercore,Financials,mid
TPL,402.5799865722656,140845740.60058594,1255,0.0,True,Texas Pacific Land Corporation,Energy,large
OLLI,73.47000122070312,140827289.41955566,1255,0.0,True,Ollie's Bargain Outlet,Consumer Discretionary,mid
RGEN,141.00999450683594,140377913.9831543,1255,0.0,True,Repligen,Health Care,mid
CRBG,31.190000534057617,140328650.0,971,0.0,True,Corebridge Financial,Financials,mid
FND,57.56999969482422,139960391.25442505,1255,0.0,True,Floor & Decor,Consumer Discretionary,mid
RBC,551.3099975585938,139173694.4580078,1255,0.0,True,RBC Bearings,Industrials,mid
JBLU,6.03000020980835,138773872.8208542,1255,0.0,True,JetBlue,Industrials,small
ARMK,56.970001220703125,138603292.34924316,1255,0.0,True,Aramark,Consumer Discretionary,mid
BALL,64.9000015258789,138332715.19203186,1255,0.0,True,Ball Corporation,Materials,large
IESC,744.5399780273438,138184277.72827148,1255,0.0,True,IES Holdings,Industrials,mid
DOC,21.829999923706055,138148235.05516052,1255,0.0,True,Healthpeak Properties,Real Estate,large
ALLY,43.33000183105469,138004650.59280396,1255,0.0,True,Ally Financial,Financials,mid
MAA,132.33999633789062,136349722.06115723,1255,0.0,True,Mid-America Apartment Communities,Real Estate,large
IEX,230.4499969482422,136190359.74884033,1255,0.0,True,IDEX Corporation,Industrials,large
CLH,312.8800048828125,135803310.64453125,1255,0.0,True,Clean Harbors,Industrials,mid
CACI,497.75,135271879.59594727,1255,0.0,True,CACI International,Industrials,mid
PKG,245.83999633789062,135149692.7368164,1255,0.0,True,Packaging Corporation of America,Materials,large
WYNN,99.30999755859375,134851941.85638428,1255,0.0,True,Wynn Resorts,Consumer Discretionary,large
CG,46.02000045776367,134786211.0923767,1255,0.0,True,Carlyle Group (The),Financials,mid
LEU,176.92999267578125,134159215.17333984,1255,0.0,True,Centrus Energy Corp.,Energy,small
BEN,33.86000061035156,134115588.76457214,1255,0.0,True,Franklin Resources,Financials,large
KMX,57.2599983215332,133968077.79006958,1255,0.0,True,"CarMax, Inc.",Consumer Discretionary,small
ARWR,84.6500015258789,133934819.80133057,1255,0.0,True,Arrowhead Pharmaceuticals,Health Care,mid
HALO,82.54000091552734,133904215.44494629,1255,0.0,True,Halozyme,Health Care,mid
CGNX,65.23999786376953,133861559.33380127,1255,0.0,True,Cognex,Information Technology,mid
OC,138.89999389648438,132829674.90234375,1255,0.0,True,Owens Corning,Industrials,mid
EXEL,53.029998779296875,132029396.39282227,1255,0.0,True,Exelixis,Health Care,mid
IVZ,29.600000381469727,131896027.48966217,1255,0.0,True,Invesco,Financials,large
RVTY,112.5199966430664,131877072.6600647,1255,0.0,True,Revvity,Health Care,large
VSXY,88.68000030517578,131808597.88513184,1255,0.0,True,Victoria's Secret,Consumer Discretionary,small
GMED,78.79000091552734,131689374.43847656,1255,0.0,True,Globus Medical,Health Care,mid
WSO,309.29998779296875,131522559.11254883,1255,0.0,True,Watsco,Industrials,mid
EG,374.1499938964844,130829828.58886719,1255,0.0,True,Everest Group,Financials,large
WRB,72.54000091552734,130736103.65447998,1255,0.0,True,W. R. Berkley Corporation,Financials,large
ACMR,78.47000122070312,130732849.7428894,1255,0.0,True,"ACM Research, Inc.",Information Technology,small
DAR,60.63999938964844,129891759.77554321,1255,0.0,True,Darling Ingredients,Consumer Staples,mid
TAP,41.560001373291016,129679354.92858887,1255,0.0,True,Molson Coors Beverage Company,Consumer Staples,large
AHR,55.599998474121094,128663313.73939514,622,0.0,True,American Healthcare REIT,Real Estate,mid
BAX,26.15999984741211,127926959.69924927,1255,0.0,True,Baxter International,Health Care,large
NYT,74.88999938964844,127568812.0803833,1255,0.0,True,New York Times Company,Communication Services,mid
CROX,128.00999450683594,127094354.80957031,1255,0.0,True,Crocs,Consumer Discretionary,mid
AAON,89.05999755859375,126987399.60479736,1255,0.0,True,AAON,Industrials,mid
ELAN,26.3700008392334,126661994.33174133,1255,0.0,True,Elanco,Health Care,mid
TKR,137.5500030517578,126482036.24267578,1255,0.0,True,Timken,Industrials,mid
SPXC,219.6199951171875,126449604.6661377,1255,0.0,True,SPX Technologies,Industrials,mid
SWK,94.58000183105469,126153738.99993896,1255,0.0,True,Stanley Black & Decker,Industrials,large
ESS,284.1400146484375,126126098.6328125,1255,0.0,True,Essex Property Trust,Real Estate,large
CINF,177.67999267578125,125992763.27056885,1255,0.0,True,Cincinnati Financial,Financials,large
PNW,100.98999786376953,125163031.14318848,1255,0.0,True,Pinnacle West Capital,Utilities,large
PBF,72.27999877929688,124767742.78907776,1255,0.0,True,PBF Energy,Energy,mid
ALGM,41.5,124357476.93824768,1255,0.0,True,Allegro MicroSystems,Information Technology,mid
SHAK,62.75,124091735.86273193,1255,0.0,True,"Shake Shack, Inc.",Consumer Discretionary,small
WY,25.030000686645508,123534657.09762573,1255,0.0,True,Weyerhaeuser,Real Estate,large
AES,14.680000305175781,123518401.22938156,1255,0.0,True,AES Corporation,Utilities,large
RH,165.52000427246094,123364225.36010742,1255,0.0,True,RH,Consumer Discretionary,mid
CZR,29.75,122884846.93183899,1255,0.0,True,Caesars Entertainment,Consumer Discretionary,small
TXT,85.26000213623047,122717357.40737915,1255,0.0,True,Textron,Industrials,large
ARW,216.57000732421875,122450948.25744629,1255,0.0,True,Arrow Electronics,Information Technology,mid
M,24.81999969482422,122186478.85723114,1255,0.0,True,Macy's,Consumer Discretionary,mid
PEN,321.19000244140625,120942048.92578125,1255,0.0,True,"Penumbra, Inc.",Health Care,mid
SIRI,29.6200008392334,120768651.80740356,1255,0.0,True,SiriusXM,Communication Services,mid
PAYC,163.9600067138672,120663573.88916016,1255,0.0,True,Paycom,Industrials,small
PFG,113.69999694824219,119933064.65148926,1255,0.0,True,Principal Financial Group,Financials,large
SNA,410.4100036621094,119330220.64208984,1255,0.0,True,Snap-on,Industrials,large
BRKR,62.84000015258789,118965156.53686523,1255,0.0,True,Bruker,Health Care,mid
RS,406.1000061035156,118175101.77612305,1255,0.0,True,"Reliance, Inc.",Materials,mid
KGS,58.709999084472656,117556586.22436523,775,0.0,True,"Kodiak Gas Services, Inc.",Energy,small
CPT,110.80999755859375,117469136.51885986,1255,0.0,True,Camden Property Trust,Real Estate,large
CNH,10.25,117426861.49749756,1255,0.0,True,CNH Industrial,Industrials,mid
GKOS,166.72000122070312,117337715.11917114,1255,0.0,True,Glaukos Corp.,Health Care,small
PNFP,105.2300033569336,117278580.48400879,1255,0.0,True,Pinnacle Financial Partners,Financials,mid
SYNA,107.31999969482422,116784286.65924072,1255,0.0,True,Synaptics,Information Technology,mid
UCTT,83.30999755859375,116200784.59472656,1255,0.0,True,"Ultra Clean Holdings, Inc.",Information Technology,small
VMI,481.70001220703125,115798777.07519531,1255,0.0,True,Valmont Industries,Industrials,mid
MYRG,333.2200012207031,115740871.81091309,1255,0.0,True,"MYR Group, Inc.",Industrials,small
RBA,109.73999786376953,114690017.38128662,1255,0.0,True,RB Global,Industrials,mid
UNM,86.11000061035156,114290155.09033203,1255,0.0,True,Unum,Financials,mid
FLR,50.16999816894531,114242641.05606079,1255,0.0,True,Fluor,Industrials,mid
BOOT,148.99000549316406,113390206.980896,1255,0.0,True,"Boot Barn Holdings, Inc.",Consumer Discretionary,small
WFRD,87.79000091552734,113242719.71435547,1255,0.0,True,Weatherford International,Energy,mid
JLL,355.0299987792969,112821804.44335938,1255,0.0,True,Jones Lang LaSalle,Real Estate,mid
ACM,72.38999938964844,112003492.93518066,1255,0.0,True,AECOM,Industrials,mid
VFC,14.319999694824219,111705506.2002182,1255,0.0,True,VF Corporation,Consumer Discretionary,mid
SM,32.52000045776367,111522177.19192505,1255,0.0,True,SM Energy Company,Energy,small
QRVO,90.56999969482422,111356584.35974121,1255,0.0,True,Qorvo,Information Technology,small
CCK,117.8499984741211,110679435.69793701,1255,0.0,True,Crown Holdings,Materials,mid
RRC,40.13999938964844,110120004.50134277,1255,0.0,True,Range Resources,Energy,mid
AVY,169.72999572753906,109654770.85113525,1255,0.0,True,Avery Dennison,Materials,large
RUN,9.8100004196167,108942572.79853821,1255,0.0,True,Sunrun,Industrials,small
NWSA,27.559999465942383,108463914.98279572,1255,0.0,True,News Corp (Class A),Communication Services,large
APG,39.68000030517578,107806243.8796997,1255,0.0,True,APi Group,Industrials,mid
MTCH,39.40999984741211,107752398.46343994,1255,0.0,True,Match Group,Communication Services,small
BMRN,60.02000045776367,107552381.85081482,1255,0.0,True,BioMarin Pharmaceutical,Health Care,mid
TGTX,52.029998779296875,107319005.72547913,1255,0.0,True,"TG Therapeutics, Inc.",Health Care,small
SOLV,85.44000244140625,106995085.41107178,589,0.0,True,Solventum,Health Care,large
WMS,138.47999572753906,106614639.40124512,1255,0.0,True,Advanced Drainage Systems,Industrials,mid
REG,80.29000091552734,106271845.21179199,1255,0.0,True,Regency Centers,Real Estate,large
ENSG,178.16000366210938,106267149.48730469,1255,0.0,True,Ensign Group,Health Care,mid
OSK,142.41000366210938,105967669.1116333,1255,0.0,True,Oshkosh,Industrials,mid
LQDA,84.11000061035156,105404767.39959717,1255,0.0,True,Liquidia Corporation,Health Care,small
FBIN,49.2599983215332,105310493.9666748,1255,0.0,True,Fortune Brands Innovations,Industrials,mid
EWBC,131.0,105060992.63763428,1255,0.0,True,East West Bancorp,Financials,mid
MOG-A,389.8500061035156,104952328.4362793,1255,0.0,True,Moog Inc.,Industrials,mid
HSIC,85.75,104709325.0,1255,0.0,True,Henry Schein,Health Care,large
RNR,319.9800109863281,104021254.7241211,1255,0.0,True,RenaissanceRe,Financials,mid
JEF,54.599998474121094,103906787.16888428,1255,0.0,True,Jefferies,Financials,mid
GGG,79.37999725341797,103792784.95559692,1255,0.0,True,Graco Inc.,Industrials,mid
AIZ,279.19000244140625,103777060.13793945,1255,0.0,True,Assurant,Financials,large
ORA,97.58000183105469,103652957.44171143,1255,0.0,True,Ormat Technologies,Utilities,mid
GME,21.719999313354492,103545444.9098587,1255,0.0,True,GameStop,Consumer Discretionary,mid
CAR,137.44000244140625,103410406.01348877,1255,0.0,True,Avis Budget Group,Industrials,mid
BBWI,20.1200008392334,103277895.52230835,1255,0.0,True,"Bath & Body Works, Inc.",Consumer Discretionary,mid
FRT,124.08999633789062,102957469.96154785,1255,0.0,True,Federal Realty Investment Trust,Real Estate,large
IRDM,47.34000015258789,102557924.8134613,1255,0.0,True,Iridium Communications,Communication Services,small
LUMN,6.380000114440918,102394298.47259521,1255,0.0,True,Lumen Technologies,Communication Services,small
DBX,32.560001373291016,102274424.72934723,1255,0.0,True,Dropbox,Information Technology,mid
HRL,25.010000228881836,102036137.39719391,1255,0.0,True,Hormel Foods,Consumer Staples,large
WH,74.86000061035156,101761013.53759766,1255,0.0,True,Wyndham Hotels & Resorts,Consumer Discretionary,mid
KRYS,341.1199951171875,101254421.67663574,1255,0.0,True,Krystal Biotech,Health Care,mid
KIM,25.479999542236328,101153829.11605835,1255,0.0,True,Kimco Realty,Real Estate,large
BIO,325.4800109863281,101147437.43591309,1255,0.0,True,Bio-Rad Laboratories,Health Care,mid
WPC,73.5999984741211,101013616.67785645,1255,0.0,True,W. P. Carey,Real Estate,mid
HLI,125.48999786376953,100701821.33789062,1255,0.0,True,Houlihan Lokey,Financials,mid
ZION,69.69999694824219,100324307.15560913,1255,0.0,True,Zions Bancorporation,Financials,mid
KNSL,356.4200134277344,100259878.15856934,1255,0.0,True,Kinsale Capital Group,Financials,mid
GVA,120.97000122070312,100252821.31881714,1255,0.0,True,"Granite Construction, Inc.",Industrials,small
SCI,86.19000244140625,100233210.78948975,1255,0.0,True,Service Corp Intl,Consumer Discretionary,mid
LBRT,18.709999084472656,100200495.56732178,1255,0.0,True,"Liberty Energy, Inc.",Energy,small
AYI,328.3900146484375,100166024.14550781,1255,0.0,True,Acuity Brands,Industrials,mid
ACI,11.579999923706055,99869756.36310577,1255,0.0,True,Albertsons,Consumer Staples,mid
FHN,25.639999389648438,99865635.74638367,1255,0.0,True,First Horizon,Financials,mid
ANF,99.54000091552734,99681341.66412354,1255,0.0,True,Abercrombie & Fitch,Consumer Discretionary,mid
KLIC,89.19999694824219,99516681.75430298,1255,0.0,True,"Kulicke and Soffa Industries, Inc.",Information Technology,small
CENX,44.77000045776367,99322816.6885376,1255,0.0,True,Century Aluminum Company,Materials,small
LTH,45.099998474121094,98939767.32940674,1208,0.0,True,"Life Time Group Holdings, Inc.",Consumer Discretionary,small
SF,82.91000366210938,98882901.77764893,1255,0.0,True,Stifel,Financials,mid
CR,213.4600067138672,98756622.74169922,838,0.0,True,Crane,Industrials,mid
BILL,45.130001068115234,98584124.69100952,1255,0.0,True,Bill Holdings,Information Technology,mid
PLNT,55.90999984741211,98481271.40274048,1255,0.0,True,Planet Fitness,Consumer Discretionary,mid
NDSN,297.7799987792969,98442086.43798828,1255,0.0,True,Nordson Corporation,Industrials,large
AOS,60.130001068115234,98205885.21118164,1255,0.0,True,A. O. Smith,Industrials,large
AVT,88.83999633789062,98050821.69799805,1255,0.0,True,Avnet,Information Technology,mid
OHI,50.630001068115234,98029438.65966797,1255,0.0,True,Omega Healthcare Investors,Real Estate,mid
ALSN,114.54000091552734,97881465.2557373,1255,0.0,True,Allison Transmission,Industrials,mid
VOYA,99.43000030517578,97830341.27426147,1255,0.0,True,Voya Financial,Financials,mid
DTM,138.0,97805179.33959961,1255,0.0,True,DT Midstream,Energy,mid
LNTH,99.63999938964844,97279909.07669067,1255,0.0,True,Lantheus Holdings,Health Care,mid
WTS,345.7900085449219,97243893.2006836,1255,0.0,True,Watts Water Technologies,Industrials,mid
AAP,55.540000915527344,96114185.73532104,1255,0.0,True,"Advance Auto Parts, Inc.",Consumer Discretionary,small
LSTR,174.77000427246094,96083850.42114258,1255,0.0,True,Landstar System,Industrials,mid
ENS,186.0500030517578,95900152.19116211,1255,0.0,True,EnerSys,Industrials,mid
IBP,222.94000244140625,95813355.82733154,1255,0.0,True,"Installed Building Products, Inc.",Consumer Discretionary,small
CAKE,101.41999816894531,95691387.74642944,1255,0.0,True,"The Cheesecake Factory, Inc.",Consumer Discretionary,small
CTRE,41.939998626708984,95673325.0,1255,0.0,True,CareTrust REIT,Real Estate,mid
CHRD,140.3800048828125,95628036.30905151,1255,0.0,True,Chord Energy,Energy,mid
R,256.4200134277344,95335160.33935547,1255,0.0,True,Ryder,Industrials,mid
WHR,37.5,95062014.65797424,1255,0.0,True,Whirlpool Corporation,Consumer Discretionary,mid
CNM,43.970001220703125,94986285.19935608,1255,0.0,True,Core & Main,Industrials,mid
GL,182.25,94882477.10266113,1255,0.0,True,Globe Life,Financials,large
ONB,26.639999389648438,94428808.60919952,1255,0.0,True,Old National Bank,Financials,mid
COKE,187.89999389648438,93817349.28131104,1255,0.0,True,Coca-Cola Consolidated,Consumer Staples,mid
TTEK,33.15999984741211,93405730.45806885,1255,0.0,True,Tetra Tech,Industrials,mid
GLPI,44.790000915527344,93276623.48747253,1255,0.0,True,Gaming and Leisure Properties,Real Estate,mid
ELS,65.06999969482422,92813492.18215942,1255,0.0,True,Equity Lifestyle Properties,Real Estate,mid
SPHR,143.25,92482320.62072754,1255,0.0,True,Sphere Entertainment,Communication Services,small
EHC,111.06999969482422,92197262.50152588,1255,0.0,True,Encompass Health,Health Care,mid
CHE,532.25,91907405.7800293,1255,0.0,True,Chemed Corp.,Health Care,mid
CRUS,129.35000610351562,91345293.81408691,1255,0.0,True,Cirrus Logic,Information Technology,mid
MTN,149.3800048828125,91320292.137146,1255,0.0,True,Vail Resorts,Consumer Discretionary,mid
PTCT,68.01000213623047,91127128.86428833,1255,0.0,True,"PTC Therapeutics, Inc.",Health Care,small
RYAN,44.15999984741211,91041223.90270233,1255,0.0,True,Ryan Specialty,Financials,mid
BSY,35.439998626708984,90750251.64031982,1255,0.0,True,Bentley Systems,Information Technology,mid
AMG,366.7300109863281,90612454.12902832,1255,0.0,True,Affiliated Managers Group,Financials,mid
QLYS,144.75,90360658.59985352,1255,0.0,True,Qualys,Information Technology,mid
MANH,191.36000061035156,89872585.61401367,1255,0.0,True,Manhattan Associates,Information Technology,mid
BXP,70.12000274658203,89704780.79223633,1255,0.0,True,"BXP, Inc.",Real Estate,large
L,116.01000213623047,89396472.6928711,1255,0.0,True,Loews Corporation,Financials,large
PTEN,10.479999542236328,89004483.55674744,1255,0.0,True,"Patterson-UTI Energy, Inc.",Energy,small
EXP,204.94000244140625,88988628.1539917,1255,0.0,True,Eagle Materials,Materials,mid
ALKS,48.9900016784668,88672719.34509277,1255,0.0,True,Alkermes plc,Health Care,small
WLK,70.5,88473269.63424683,1255,0.0,True,Westlake Corporation,Materials,mid
FCFS,204.00999450683594,87470589.75219727,1255,0.0,True,FirstCash,Financials,mid
ALHC,14.850000381469727,87077750.0,1255,0.0,True,"Alignment Healthcare, Inc.",Health Care,small
ST,46.290000915527344,86798380.71670532,1255,0.0,True,Sensata Technologies,Industrials,mid
HRB,44.029998779296875,86778862.23144531,1255,0.0,True,H&R Block,Consumer Discretionary,mid
MSM,123.4000015258789,86767506.44226074,1255,0.0,True,MSC Industrial Direct,Industrials,mid
CVLT,117.80000305175781,86269745.61538696,1255,0.0,True,CommVault Systems,Information Technology,mid
HXL,102.94999694824219,86216939.7239685,1255,0.0,True,Hexcel,Industrials,mid
RPM,107.06999969482422,86205864.06097412,1255,0.0,True,RPM International,Materials,mid
AVTR,13.779999732971191,85930509.45892334,1255,0.0,True,Avantor,Health Care,mid
MIDD,133.5800018310547,85574327.61868286,1255,0.0,True,Middleby,Industrials,mid
G,35.16999816894531,85552822.62992859,1255,0.0,True,Genpact,Industrials,mid
ICHR,75.2699966430664,85411897.02529907,1255,0.0,True,"Ichor Holdings, Ltd.",Information Technology,small
WEX,186.9600067138672,85131747.55096436,1255,0.0,True,WEX Inc.,Financials,mid
FNB,18.899999618530273,85023287.07046509,1255,0.0,True,FNB Corporation,Financials,mid
UMBF,145.72999572753906,84699504.74090576,1255,0.0,True,UMB Financial Corp.,Financials,mid
CE,44.720001220703125,84610818.34487915,1255,0.0,True,Celanese,Materials,small
TDC,30.989999771118164,84576811.59667969,1255,0.0,True,Teradata,Information Technology,small
SNEX,76.56999969482422,84556962.7532959,1255,0.0,True,StoneX Group Inc.,Financials,small
LAD,385.4200134277344,84380216.99523926,1255,0.0,True,Lithia Motors,Consumer Discretionary,mid
IDCC,304.8299865722656,84328210.29663086,1255,0.0,True,InterDigital,Information Technology,mid
MTDR,49.88999938964844,84062498.8079071,1255,0.0,True,Matador Resources,Energy,mid
NEU,850.1599731445312,84049948.42529297,1255,0.0,True,NewMarket Corporation,Materials,mid
LAMR,159.9600067138672,83971211.50817871,1255,0.0,True,Lamar Advertising Company,Real Estate,mid
LEA,130.63999938964844,83937675.17089844,1255,0.0,True,Lear,Consumer Discretionary,mid
VSEC,194.38999938964844,83916748.46191406,1255,0.0,True,VSE Corporation,Industrials,small
VLY,14.289999961853027,83600323.60725403,1255,0.0,True,Valley Bank,Financials,mid
MKTX,162.3000030517578,83344800.0,1255,0.0,True,MarketAxess,Financials,small
MLI,66.41000366210938,83284516.8548584,1255,0.0,True,Mueller Industries,Industrials,mid
COLB,31.270000457763672,83193450.7232666,1255,0.0,True,Columbia Banking System,Financials,mid
CFR,166.33999633789062,83114691.07818604,1255,0.0,True,Frost Bank,Financials,mid
CACC,568.9099731445312,82967857.93457031,1255,0.0,True,Credit Acceptance,Financials,small
PSKY,7.960000038146973,82327639.09244537,1255,0.0,True,Paramount Skydance Corporation,Communication Services,large
MHK,123.0999984741211,81904287.57324219,1255,0.0,True,Mohawk Industries,Consumer Discretionary,small
HR,21.010000228881836,81842150.0,1255,0.0,True,Healthcare Realty Trust,Real Estate,mid
MSGS,393.67999267578125,81354202.12097168,1255,0.0,True,Madison Square Garden Sports Corp.,Communication Services,small
ALV,123.16999816894531,81181439.57519531,1255,0.0,True,Autoliv,Consumer Discretionary,mid
TREX,43.36000061035156,81099482.6385498,1255,0.0,True,Trex,Industrials,mid
AIT,345.2099914550781,80900195.43457031,1255,0.0,True,Applied Industrial Technologies,Industrials,mid
KEX,131.13999938964844,80895453.03344727,1255,0.0,True,Kirby Corporation,Industrials,mid
COCO,65.94000244140625,80812967.41027832,1198,0.0,True,The Vita Coco Company,Consumer Staples,small
ACLS,130.3800048828125,80614481.13861084,1255,0.0,True,"Axcelis Technologies, Inc.",Information Technology,small
LECO,261.30999755859375,80564760.16845703,1255,0.0,True,Lincoln Electric,Industrials,mid
CUBE,41.459999084472656,80390828.29284668,1255,0.0,True,CubeSmart,Real Estate,mid
ARE,51.45000076293945,80220841.1895752,1255,0.0,True,Alexandria Real Estate Equities,Real Estate,large
BYD,85.05999755859375,80168784.79614258,1255,0.0,True,Boyd Gaming,Consumer Discretionary,mid
CORT,114.48999786376953,80024177.34146118,1255,0.0,True,Corcept Therapeutics Incorporated,Health Care,small
ADC,77.80000305175781,79930998.9692688,1255,0.0,True,Agree Realty,Real Estate,mid
URBN,74.18000030517578,79535826.33972168,1255,0.0,True,"Urban Outfitters, Inc.",Consumer Discretionary,small
TMDX,76.51000213623047,79357969.18945312,1255,0.0,True,"TransMedics Group, Inc.",Health Care,small
RGA,236.85000610351562,78652463.3972168,1255,0.0,True,Reinsurance Group of America,Financials,mid
MORN,192.57000732421875,78616530.83496094,1255,0.0,True,"Morningstar, Inc.",Financials,mid
LAZ,42.380001068115234,78421117.18139648,1255,0.0,True,Lazard,Financials,small
VAL,79.19000244140625,78361558.20465088,1255,0.0,True,Valaris,Energy,mid
POST,91.41000366210938,78108445.24536133,1255,0.0,True,Post Holdings,Consumer Staples,mid
EMN,69.94999694824219,78066582.69195557,1255,0.0,True,Eastman Chemical Company,Materials,small
TEX,62.84000015258789,78055716.37115479,1255,0.0,True,Terex,Industrials,mid
RELY,22.770000457763672,78025644.89650726,1218,0.0,True,Remitly,Financials,small
SLAB,217.5,77903826.65863037,1255,0.0,True,Silicon Labs,Information Technology,mid
INGR,99.45999908447266,77828280.33447266,1255,0.0,True,Ingredion,Consumer Staples,mid
PLXS,251.33999633789062,77212007.84301758,1255,0.0,True,Plexus Corp.,Information Technology,small
NPO,313.9200134277344,77084700.0,1255,0.0,True,"EnPro Industries, Inc.",Industrials,small
FRPT,59.540000915527344,76848849.20539856,1255,0.0,True,Freshpet,Consumer Staples,small
AEO,17.18000030517578,76777421.36383057,1255,0.0,True,American Eagle Outfitters,Consumer Discretionary,small
CMC,68.72000122070312,76747156.28204346,1255,0.0,True,Commercial Metals,Materials,mid
PCTY,137.89500427246094,76632166.30096436,1255,0.0,True,Paylocity,Industrials,mid
ESE,315.2900085449219,76522569.84558105,1255,0.0,True,ESCO Technologies Inc.,Industrials,small
REXR,37.77000045776367,76248677.68478394,1255,0.0,True,Rexford Industrial Realty,Real Estate,mid
AGCO,102.16000366210938,76196822.83630371,1255,0.0,True,AGCO,Industrials,mid
WTFC,159.5399932861328,76120600.8605957,1255,0.0,True,Wintrust Financial,Financials,mid
LPX,72.43000030517578,75797904.92477417,1255,0.0,True,Louisiana-Pacific,Industrials,mid
AMH,33.41999816894531,75692011.0364914,1255,0.0,True,American Homes 4 Rent,Real Estate,mid
CHDN,84.30000305175781,75635037.84179688,1255,0.0,True,Churchill Downs Inc.,Consumer Discretionary,mid
HQY,100.61000061035156,75317062.06054688,1255,0.0,True,HealthEquity,Health Care,mid
TXNM,57.91999816894531,75186415.96488953,1255,0.0,True,TXNM Energy,Utilities,mid
NNN,47.52000045776367,74917650.59280396,1255,0.0,True,NNN Reit,Real Estate,mid
PVH,86.66000366210938,74837800.97961426,1255,0.0,True,PVH Corp.,Consumer Discretionary,mid
SEZL,154.75,74212200.0,723,0.0,True,Sezzle,Financials,small
SSB,105.08999633789062,74128627.7709961,1255,0.0,True,South State Bank,Financials,mid
LKQ,22.450000762939453,73736590.42434692,1255,0.0,True,LKQ Corporation,Consumer Discretionary,small
WAL,80.48999786376953,73713750.0,1255,0.0,True,Western Alliance Bancorporation,Financials,mid
BRX,31.510000228881836,73354991.08753204,1255,0.0,True,Brixmor Property Group,Real Estate,mid
DOCS,20.90999984741211,73286441.69311523,1255,0.0,True,Doximity,Health Care,mid
VNOM,44.61000061035156,73267922.30987549,1255,0.0,True,Viper Energy,Energy,mid
BFAM,74.54000091552734,73166143.11523438,1255,0.0,True,Bright Horizons Family Solutions Inc.,Consumer Discretionary,small
ACHC,29.6200008392334,73130232.22389221,1255,0.0,True,Acadia Healthcare,Health Care,small
POWI,60.709999084472656,72989780.17272949,1255,0.0,True,Power Integrations,Information Technology,small
HLNE,88.91000366210938,72472984.46655273,1255,0.0,True,Hamilton Lane,Financials,mid
VVV,38.40999984741211,71593730.56640625,1255,0.0,True,Valvoline,Consumer Discretionary,mid
NOVT,142.5500030517578,71550557.6171875,1255,0.0,True,Novanta,Information Technology,mid
YOU,55.2400016784668,71226846.17500305,1255,0.0,True,"Clear Secure, Inc.",Information Technology,small
TFX,136.7100067138672,71029981.65893555,1255,0.0,True,Teleflex,Health Care,small
IDA,142.91000366210938,70899015.31219482,1255,0.0,True,Idacorp,Utilities,mid
WRBY,26.690000534057617,70890640.33412933,1214,0.0,True,Warby Parker,Consumer Discretionary,small
AN,212.39999389648438,70588644.6472168,1255,0.0,True,AutoNation,Consumer Discretionary,mid
BF-B,28.729999542236328,70524717.35458374,1255,0.0,True,Brown–Forman,Consumer Staples,large
COHU,47.9900016784668,70446138.27323914,1255,0.0,True,"Cohu, Inc.",Information Technology,small
PTGX,136.63999938964844,70270489.6697998,1255,0.0,True,"Protagonist Therapeutics, Inc.",Health Care,small
CRGY,11.470000267028809,70008381.2084198,1165,0.0,True,Crescent Energy Company,Energy,small
NOV,19.43000030517578,69973552.80189514,1255,0.0,True,NOV Inc.,Energy,mid
AWI,174.66000366210938,69860639.91851807,1255,0.0,True,"Armstrong World Industries, Inc.",Industrials,small
PEGA,30.549999237060547,69568224.3106842,1255,0.0,True,Pegasystems,Information Technology,mid
WEN,7.360000133514404,69541769.39535141,1255,0.0,True,The Wendy's Company,Consumer Discretionary,small
ASO,47.45000076293945,69495424.56893921,1255,0.0,True,Academy Sports + Outdoors,Consumer Discretionary,small
KSS,19.139999389648438,68788879.10499573,1255,0.0,True,Kohl's Corp.,Consumer Discretionary,small
PB,74.87000274658203,68761915.52352905,1255,0.0,True,Prosperity Bancshares,Financials,mid
ULS,91.63999938964844,68706243.69659424,577,0.0,True,UL Solutions,Industrials,mid
VIRT,58.72999954223633,68672681.58340454,1255,0.0,True,"Virtu Financial, Inc.",Financials,small
EGP,209.00999450683594,68369877.59094238,1255,0.0,True,EastGroup Properties,Real Estate,mid
ROAD,103.3499984741211,68247350.72937012,1255,0.0,True,"Construction Partners, Inc.",Industrials,small
NVST,27.309999465942383,67990427.15187073,1255,0.0,True,Envista Holdings,Health Care,mid
RHP,133.64999389648438,67774399.6673584,1255,0.0,True,Ryman Hospitality Properties,Real Estate,small
EXLS,33.93000030517578,67765344.37141418,1255,0.0,True,EXL Service,Industrials,mid
MTRN,210.83999633789062,67746361.22436523,1255,0.0,True,Materion Corp.,Materials,small
SIG,92.9000015258789,67697945.35980225,1255,0.0,True,Signet Jewelers,Consumer Discretionary,small
FNF,51.59000015258789,67278360.31608582,1255,0.0,True,Fidelity National Financial,Financials,mid
FCN,159.3800048828125,67239000.0,1255,0.0,True,FTI Consulting,Industrials,mid
VECO,50.0,67107615.30151367,1255,0.0,True,Veeco Instruments Inc.,Information Technology,small
ENVA,254.13999938964844,66991695.36743164,1255,0.0,True,"Enova International, Inc.",Financials,small
WTRG,39.849998474121094,66855721.09222412,1255,0.0,True,Essential Utilities,Utilities,mid
WMG,25.959999084472656,66816423.18096161,1255,0.0,True,Warner Music Group,Communication Services,mid
FR,65.83999633789062,66514410.61935425,1255,0.0,True,First Industrial Realty Trust,Real Estate,mid
LW,52.54999923706055,66443231.46438599,1255,0.0,True,Lamb Weston,Consumer Staples,small
INDV,40.0099983215332,66364672.35946655,1255,0.0,True,Indivior,Health Care,small
MGY,25.709999084472656,66320811.669921875,1255,0.0,True,"Magnolia Oil & Gas, Corp.",Energy,small
PARR,86.02999877929688,66119897.91870117,1255,0.0,True,"Par Pacific Holdings, Inc.",Energy,small
HWC,77.0,65733205.20248413,1255,0.0,True,Hancock Whitney,Financials,mid
BMI,134.35000610351562,65430981.67800903,1255,0.0,True,"Badger Meter, Inc.",Information Technology,small
MIR,14.979999542236328,65249636.7559433,1255,0.0,True,"Mirion Technologies, Inc.",Information Technology,small
RNG,55.619998931884766,65185526.80969238,1255,0.0,True,"RingCentral, Inc.",Information Technology,small
RSI,26.90999984741211,64981020.5039978,1255,0.0,True,"Rush Street Interactive, Inc.",Consumer Discretionary,small
LNC,45.61000061035156,64840952.30026245,1255,0.0,True,Lincoln Financial,Financials,small
SON,56.36000061035156,64598024.85046387,1255,0.0,True,Sonoco,Materials,mid
CNK,36.59000015258789,64587657.868385315,1255,0.0,True,"Cinemark Holdings, Inc.",Communication Services,small
RHI,37.79999923706055,63719948.68469238,1255,0.0,True,Robert Half,Industrials,small
BTU,21.31999969482422,63700922.216415405,1255,0.0,True,"Peabody Energy, Inc.",Energy,small
OLED,80.16000366210938,63689766.79992676,1255,0.0,True,Universal Display,Information Technology,mid
TTC,91.87000274658203,63424450.55847168,1255,0.0,True,Toro,Industrials,mid
CHH,111.48999786376953,63388631.57196045,1255,0.0,True,Choice Hotels,Consumer Discretionary,mid
ADT,7.639999866485596,63242349.351119995,1255,0.0,True,ADT Inc.,Consumer Discretionary,small
LGND,287.5400085449219,63143932.34100342,1255,0.0,True,"Ligand Pharmaceuticals, Inc.",Health Care,small
BOX,31.549999237060547,63141118.32733154,1255,0.0,True,"Box, Inc.",Information Technology,small
MAC,25.84000015258789,63075167.91725159,1255,0.0,True,Macerich,Real Estate,small
JXN,122.27999877929688,62851640.786743164,1233,0.0,True,"Jackson Financial, Inc.",Financials,small
FOX,51.939998626708984,62783672.16491699,1255,0.0,True,Fox Corporation (Class B),Communication Services,large
JBTM,138.47000122070312,62754604.553222656,1255,0.0,True,JBT Marel Corporation,Industrials,small
GXO,50.15999984741211,62725694.50683594,1255,0.0,True,GXO Logistics,Industrials,mid
FOUR,53.0,62553329.92782593,1255,0.0,True,Shift4,Financials,mid
AROC,35.7599983215332,62248681.549072266,1255,0.0,True,"Archrock, Inc.",Energy,small
CBSH,59.27000045776367,62200994.22569275,1255,0.0,True,Commerce Bancshares,Financials,mid
OGE,47.349998474121094,62082855.94825745,1255,0.0,True,OGE Energy,Utilities,mid
GPK,10.729999542236328,61853040.870666504,1255,0.0,True,Graphic Packaging,Materials,mid
MAT,15.09000015258789,61835430.57136536,1255,0.0,True,Mattel,Consumer Discretionary,mid
MRCY,97.0999984741211,61752049.34082031,1255,0.0,True,Mercury Systems,Industrials,small
VNO,39.38999938964844,61730424.449920654,1255,0.0,True,Vornado Realty Trust,Real Estate,mid
MTH,70.19999694824219,61730368.87664795,1255,0.0,True,Meritage Homes Corporation,Consumer Discretionary,small
NE,42.400001525878906,61710299.61051941,1255,0.0,True,Noble Corporation,Energy,small
CNX,35.79999923706055,61585993.89953613,1255,0.0,True,CNX Resources,Energy,mid
CVCO,547.030029296875,61392376.2512207,1255,0.0,True,"Cavco Industries, Inc.",Consumer Discretionary,small
WU,6.360000133514404,61133565.69070816,1255,0.0,True,Western Union,Financials,small
THG,232.6300048828125,60757608.1237793,1255,0.0,True,Hanover Insurance,Financials,mid
BFH,108.06999969482422,60332208.41674805,1255,0.0,True,"Bread Financial Holdings, Inc.",Financials,small
PJT,168.30999755859375,60305411.1907959,1255,0.0,True,"PJT Partners, Inc.",Financials,small
PSN,44.209999084472656,60254321.13647461,1255,0.0,True,Parsons Corporation,Industrials,mid
AFG,141.72000122070312,60127145.71380615,1255,0.0,True,American Financial Group,Financials,mid
OLN,18.510000228881836,59979334.011650085,1255,0.0,True,Olin Corporation,Materials,mid
NXST,190.52999877929688,59773803.2119751,1255,0.0,True,Nexstar Media Group,Communication Services,mid
YETI,48.939998626708984,59715265.995025635,1255,0.0,True,Yeti Holdings,Consumer Discretionary,mid
APPF,180.19000244140625,59658607.35321045,1255,0.0,True,AppFolio,Information Technology,mid
SSD,187.74000549316406,59646582.32116699,1255,0.0,True,Simpson Manufacturing,Industrials,mid
FAF,74.98999786376953,59595919.4732666,1255,0.0,True,First American Financial Corporation,Financials,mid
BDC,124.05000305175781,59557497.28393555,1255,0.0,True,Belden Inc.,Information Technology,mid
PK,15.0600004196167,59194502.34222412,1255,0.0,True,Park Hotels & Resorts,Real Estate,mid
SLM,26.0,59011300.822257996,1255,0.0,True,SLM Corp,Financials,mid
SEIC,102.9800033569336,58947178.383636475,1255,0.0,True,SEI Investments Company,Financials,mid
LRN,80.29000091552734,58858799.78179932,1255,0.0,True,"Stride, Inc.",Consumer Discretionary,small
HCC,79.41000366210938,58753095.9022522,1255,0.0,True,"Warrior Met Coal, Inc.",Materials,small
DCI,94.23999786376953,58747464.98718262,1255,0.0,True,Donaldson Company,Industrials,mid
CALM,87.77999877929688,58588717.05932617,1255,0.0,True,"Cal-Maine Foods, Inc.",Consumer Staples,small
MUR,39.7400016784668,58498608.25805664,1255,0.0,True,Murphy Oil,Energy,mid
BKH,71.20999908447266,58072172.65701294,1255,0.0,True,Black Hills Corporation,Utilities,mid
EXTR,30.139999389648438,57946098.51646423,1255,0.0,True,"Extreme Networks, Inc.",Information Technology,small
FLG,14.220000267028809,57916414.705467224,1255,0.0,True,Flagstar Bank,Financials,mid
NOG,21.149999618530273,57823262.986564636,1255,0.0,True,"Northern Oil and Gas, Inc.",Energy,small
KBH,54.970001220703125,57662953.438568115,1255,0.0,True,KB Home,Consumer Discretionary,mid
KRG,28.6200008392334,57369119.396972656,1255,0.0,True,Kite Realty Group Trust,Real Estate,mid
HOG,24.540000915527344,57149657.83596039,1255,0.0,True,Harley-Davidson,Consumer Discretionary,mid
ARR,16.469999313354492,56946546.42791748,1255,0.0,True,Armour Residential REIT,Real Estate,small
KBR,36.61000061035156,56876536.211013794,1255,0.0,True,"KBR, Inc.",Industrials,mid
XRAY,13.369999885559082,56805136.698532104,1255,0.0,True,Dentsply Sirona,Health Care,mid
ATR,133.9600067138672,56767329.27246094,1255,0.0,True,AptarGroup,Materials,mid
CWST,89.70999908447266,56637879.737091064,1255,0.0,True,"Casella Waste Systems, Inc.",Industrials,small
POR,49.33000183105469,56374959.76409912,1255,0.0,True,Portland General Electric,Utilities,mid
KTB,83.73999786376953,56239400.0,1255,0.0,True,Kontoor Brands,Consumer Discretionary,small
MC,67.08000183105469,56042170.04394531,1255,0.0,True,Moelis & Company,Financials,small
PENN,20.530000686645508,55767430.84335327,1255,0.0,True,Penn Entertainment,Consumer Discretionary,small
GPI,286.7699890136719,55705783.337402344,1255,0.0,True,"Group 1 Automotive, Inc.",Consumer Discretionary,small
PI,151.36000061035156,55272683.013916016,1255,0.0,True,"Impinj, Inc.",Information Technology,small
DIOD,82.31999969482422,55219679.24499512,1255,0.0,True,Diodes Incorporated,Information Technology,small
ACA,145.1999969482422,55196970.458984375,1255,0.0,True,"Arcosa, Inc.",Industrials,small
AXTA,35.810001373291016,55174205.90057373,1255,0.0,True,Axalta,Materials,mid
NFG,82.30999755859375,54571209.68170166,1255,0.0,True,National Fuel Gas,Utilities,mid
TNL,76.0199966430664,54485766.11022949,1255,0.0,True,Travel + Leisure Co.,Consumer Discretionary,mid
ESAB,86.52999877929688,54460801.808166504,1089,0.0,True,ESAB,Industrials,mid
STWD,15.979999542236328,54361579.50210571,1255,0.0,True,Starwood Property Trust,Financials,mid
GT,6.949999809265137,54251737.90740967,1255,0.0,True,Goodyear Tire and Rubber Company,Consumer Discretionary,small
PTON,6.389999866485596,54095886.67192459,1255,0.0,True,"Peloton Interactive, Inc.",Consumer Discretionary,small
SKY,79.61000061035156,53901690.57998657,1255,0.0,True,"Champion Homes, Inc.",Consumer Discretionary,small
FSS,124.94999694824219,53674488.830566406,1255,0.0,True,Federal Signal Corporation,Industrials,small
RLI,61.2400016784668,53648949.15275574,1255,0.0,True,RLI Corp.,Financials,mid
PRI,319.9599914550781,53598179.30603027,1255,0.0,True,Primerica,Financials,mid
THO,74.97000122070312,53568372.64709473,1255,0.0,True,Thor Industries,Consumer Discretionary,mid
CNR,79.83999633789062,53429937.268066406,1255,0.0,True,"Core Natural Resources, Inc.",Energy,small
HAE,85.54000091552734,53384057.71522522,1255,0.0,True,Haemonetics,Health Care,mid
SRPT,14.859999656677246,53368202.76699066,1255,0.0,True,Sarepta Therapeutics,Health Care,small
GNTX,23.360000610351562,53223094.62585449,1255,0.0,True,Gentex,Consumer Discretionary,mid
TRNO,71.6500015258789,53013091.09954834,1255,0.0,True,Terreno Realty Corporation,Real Estate,small
ASB,30.8799991607666,52935406.43463135,1255,0.0,True,Associated Bank,Financials,mid
ITRI,99.66000366210938,52919915.646362305,1255,0.0,True,"Itron, Inc.",Information Technology,small
OPCH,23.030000686645508,52894241.76940918,1255,0.0,True,Option Care Health,Health Care,mid
OZK,51.29999923706055,52713861.083984375,1255,0.0,True,Bank OZK,Financials,mid
KRC,38.81999969482422,52461437.49656677,1255,0.0,True,Kilroy Realty Corp,Real Estate,mid
MMSI,85.01000213623047,52436126.30844116,1255,0.0,True,"Merit Medical Systems, Inc.",Health Care,small
VC,104.54000091552734,52320849.14932251,1255,0.0,True,Visteon,Consumer Discretionary,mid
EPRT,31.290000915527344,52315263.06152344,1255,0.0,True,"Essential Properties Realty Trust, Inc.",Real Estate,small
LIVN,80.13999938964844,52250402.16064453,1255,0.0,True,LivaNova,Health Care,mid
SAIC,117.12999725341797,52233101.02844238,1255,0.0,True,Science Applications Intl Corp,Industrials,mid
PAG,217.30999755859375,52037654.650878906,1255,0.0,True,Penske Automotive Group,Consumer Discretionary,mid
VCYT,46.31999969482422,51882326.04446411,1255,0.0,True,"Veracyte, Inc.",Health Care,small
WSC,24.280000686645508,51854338.48171234,1255,0.0,True,WillScot Holdings Corp.,Industrials,small
BANC,19.149999618530273,51724846.65641785,1255,0.0,True,"Banc Of California, Inc.",Financials,small
PII,67.08000183105469,51705023.14453125,1255,0.0,True,Polaris,Consumer Discretionary,mid
VNT,32.130001068115234,51692500.0,1255,0.0,True,Vontier,Information Technology,mid
SMG,65.68000030517578,51611621.46759033,1255,0.0,True,Scotts Miracle-Gro Company,Materials,mid
WT,19.3700008392334,51555523.61011505,1255,0.0,True,"WisdomTree Investments, Inc.",Financials,small
OSIS,221.38999938964844,51518785.32714844,1255,0.0,True,"OSI Systems, Inc.",Information Technology,small
GTES,27.979999542236328,51395008.15734863,1255,0.0,True,Gates Corporation,Industrials,small
MATX,202.58999633789062,51392836.94458008,1255,0.0,True,"Matson, Inc.",Industrials,small
ALGT,98.08000183105469,51338437.67623901,1255,0.0,True,Allegiant Travel Company,Industrials,small
HGV,46.13999938964844,51264044.24858093,1255,0.0,True,Hilton Grand Vacations,Consumer Discretionary,mid
RYN,21.780000686645508,51247019.15359497,1255,0.0,True,Rayonier,Real Estate,mid
SAM,183.1999969482422,51230834.74731445,1255,0.0,True,Boston Beer Company,Consumer Staples,mid
ORI,43.209999084472656,51044704.332351685,1255,0.0,True,Old Republic International,Financials,mid
UGI,36.119998931884766,50951377.66113281,1255,0.0,True,UGI Corp,Utilities,mid
BC,79.0,50949775.64086914,1255,0.0,True,Brunswick,Consumer Discretionary,mid
GPOR,161.3699951171875,50472862.451171875,1255,0.0,True,Gulfport Energy Corporation,Energy,small
OUT,31.8700008392334,50330995.347595215,1255,0.0,True,Outfront Media,Real Estate,small
SBRA,21.170000076293945,50213463.7802124,1255,0.0,True,Sabra Health Care REIT,Real Estate,mid
UFPT,254.77999877929688,50018726.51977539,1255,0.0,True,"UFP Technologies, Inc.",Health Care,small
STAG,38.2599983215332,49647525.98571777,1255,0.0,True,STAG Industrial,Real Estate,mid
RITM,9.880000114440918,49553580.25598526,1255,0.0,True,Rithm Capital,Financials,small
SXI,296.5,49464168.77441406,1255,0.0,True,Standex International Corporation,Industrials,small
AM,21.969999313354492,49373231.68029785,1255,0.0,True,Antero Midstream,Energy,mid
CPRI,15.930000305175781,49364253.61633301,1255,0.0,True,Capri Holdings,Consumer Discretionary,mid
TCBI,98.8499984741211,49233772.327423096,1255,0.0,True,Texas Capital Bancshares,Financials,mid
GBCI,49.290000915527344,49229889.09072876,1255,0.0,True,Glacier Bancorp,Financials,mid
WAY,21.110000610351562,49133099.058151245,538,0.0,True,Waystar Holding Corp,Health Care,small
ARCB,144.35000610351562,48915439.056396484,1255,0.0,True,ArcBest Corp.,Industrials,small
UNF,292.9800109863281,48644354.24194336,1255,0.0,True,UniFirst Corporation,Industrials,small
AESI,10.789999961853027,48583203.97453308,852,0.0,True,"Atlas Energy Solutions, Inc.",Energy,small
KD,13.550000190734863,48474475.0,1197,0.0,True,Kyndryl,Information Technology,mid
TDW,75.05999755859375,48373594.41604614,1255,0.0,True,"Tidewater, Inc.",Energy,small
FLO,7.019999980926514,48350085.548877716,1255,0.0,True,Flowers Foods,Consumer Staples,small
AIR,140.0399932861328,48225986.140441895,1255,0.0,True,AAR Corp.,Industrials,small
RXO,20.25,48215838.47579956,942,0.0,True,"RXO, Inc.",Industrials,small
EBC,22.959999084472656,48197909.83543396,1255,0.0,True,"Eastern Bankshares, Inc.",Financials,small
BCO,118.44999694824219,48194574.58496094,1255,0.0,True,Brink's,Industrials,mid
MTG,30.040000915527344,48112388.219833374,1255,0.0,True,MGIC Investment Corporation,Financials,mid
CC,16.610000610351562,48034350.82912445,1255,0.0,True,Chemours,Materials,small
LOPE,145.33999633789062,47962284.64050293,1255,0.0,True,Grand Canyon Education,Consumer Discretionary,mid
MSA,190.27000427246094,47868028.02276611,1255,0.0,True,MSA Safety,Industrials,mid
FHB,27.790000915527344,47634316.90864563,1255,0.0,True,"First Hawaiian, Inc.",Financials,small
PIPR,75.80000305175781,47533420.71228027,1255,0.0,True,Piper Sandler Companies,Financials,small
ASH,72.61000061035156,47454474.66659546,1255,0.0,True,Ashland Global,Materials,mid
SIGI,94.79000091552734,47445084.59320068,1255,0.0,True,Selective Insurance Group,Financials,mid
SLG,52.93000030517578,47317780.418395996,1255,0.0,True,SL Green Realty,Real Estate,small
STEP,43.86000061035156,47285466.65802002,1255,0.0,True,StepStone Group,Financials,small
OGS,77.6500015258789,46687971.867370605,1255,0.0,True,One Gas,Utilities,mid
ERIE,242.0399932861328,46546000.85449219,1255,0.0,True,Erie Indemnity,Financials,large
SXT,123.66999816894531,46530733.77532959,1255,0.0,True,Sensient Technologies,Materials,small
ADEA,26.649999618530273,46434856.557258606,1255,0.0,True,"Adeia, Inc.",Information Technology,small
ABG,231.6999969482422,46374851.54571533,1255,0.0,True,Asbury Automotive Group,Consumer Discretionary,small
UAA,6.650000095367432,46044373.45161438,1255,0.0,True,Under Armour (Class A),Consumer Discretionary,small
EEFT,71.33000183105469,46015841.17126465,1255,0.0,True,Euronet Worldwide,Financials,mid
DLB,58.810001373291016,45944240.714263916,1255,0.0,True,Dolby,Information Technology,mid
GEO,30.889999389648438,45644104.11262512,1255,0.0,True,"GEO Group, Inc.",Industrials,small
NSIT,128.92999267578125,45544740.5090332,1255,0.0,True,"Insight Enterprises, Inc.",Industrials,small
PSMT,193.91000366210938,45390905.73272705,1255,0.0,True,PriceSmart,Consumer Staples,small
CUZ,31.549999237060547,45025165.60077667,1255,0.0,True,Cousins Properties,Real Estate,mid
SHC,17.860000610351562,44921151.37863159,1255,0.0,True,Sotera Health,Health Care,mid
INSW,96.18000030517578,44835457.39746094,1255,0.0,True,"International Seaways, Inc.",Energy,small
DXC,11.239999771118164,44808955.531311035,1255,0.0,True,DXC Technology,Information Technology,small
HOMB,31.06999969482422,44780838.484954834,1255,0.0,True,Home BancShares,Financials,mid
APLE,16.510000228881836,44485913.468170166,1255,0.0,True,"Apple Hospitality REIT, Inc.",Real Estate,small
KNTK,50.56999969482422,44413176.9657135,1255,0.0,True,"Kinetik Holdings, Inc.",Energy,small
WERN,37.41999816894531,44321685.70480347,1255,0.0,True,Werner Enterprises,Industrials,small
VVX,90.23999786376953,43991562.19406128,1255,0.0,True,"V2X, Inc.",Industrials,small
INSP,50.209999084472656,43219440.51361084,1255,0.0,True,"Inspire Medical Systems, Inc.",Health Care,small
PPC,27.360000610351562,43034030.188179016,1255,0.0,True,Pilgrim's Pride,Consumer Staples,mid
AMR,137.16000366210938,42856948.85253906,1255,0.0,True,"Alpha Metallurgical Resources, Inc.",Materials,small
PATK,82.55000305175781,42759982.232666016,1255,0.0,True,"Patrick Industries, Inc.",Consumer Discretionary,small
CWEN,31.729999542236328,42354144.76776123,1255,0.0,True,"Clearway Energy, Inc. (Class C)",Utilities,small
IRT,16.6299991607666,42152848.05679321,1255,0.0,True,Independence Realty Trust,Real Estate,mid
SWX,89.4000015258789,42147341.30554199,1255,0.0,True,Southwest Gas Corp,Utilities,mid
ITGR,121.20999908447266,42008160.900878906,1255,0.0,True,Integer Holdings Corporation,Health Care,small
RDN,38.9900016784668,41937645.80535889,1255,0.0,True,"Radian Group, Inc.",Financials,small
LAUR,38.310001373291016,41933025.927734375,1255,0.0,True,"Laureate Education, Inc.",Consumer Discretionary,small
HIW,33.130001068115234,41889670.848083496,1255,0.0,True,Highwoods Properties,Real Estate,small
RDNT,63.779998779296875,41745815.56549072,1255,0.0,True,"RadNet, Inc.",Health Care,small
VAC,97.51000213623047,41704231.297302246,1255,0.0,True,Marriott Vacations Worldwide,Consumer Discretionary,small
REZI,34.29999923706055,41654100.0,1255,0.0,True,"Resideo Technologies, Inc.",Industrials,small
KAI,307.5,41595928.955078125,1255,0.0,True,Kadant Inc.,Industrials,small
CARG,36.2400016784668,41509025.36087036,1255,0.0,True,CarGurus,Communication Services,small
ZWS,50.5099983215332,41300906.563568115,1255,0.0,True,Zurn Elkay Water Solutions Corp.,Industrials,small
CBRL,56.38999938964844,41279916.53060913,1255,0.0,True,Cracker Barrel,Consumer Discretionary,small
RRR,64.44000244140625,41232469.07424927,1255,0.0,True,"Red Rock Resorts, Inc.",Consumer Discretionary,small
KNF,73.16999816894531,41060035.41641235,791,0.0,True,Knife River Corporation,Materials,mid
KALU,159.67999267578125,40900611.68670654,1255,0.0,True,Kaiser Aluminum Corporation,Materials,small
AZZ,144.72000122070312,40855729.37011719,1255,0.0,True,"AZZ, Inc.",Industrials,small
IPGP,85.05999755859375,40817139.41574097,1255,0.0,True,IPG Photonics,Information Technology,mid
PBI,17.530000686645508,40759864.11323547,1255,0.0,True,"Pitney Bowes, Inc.",Industrials,small
TPC,83.75,40476724.53918457,1255,0.0,True,Tutor Perini Corporation,Industrials,small
CRC,52.619998931884766,40443359.76409912,1255,0.0,True,California Resources Corporation,Energy,small
UFPI,86.73999786376953,40422107.582092285,1255,0.0,True,UFP Industries,Industrials,mid
ACIW,57.33000183105469,40390316.06140137,1255,0.0,True,ACI Worldwide,Information Technology,small
UBSI,48.45000076293945,40374000.549316406,1255,0.0,True,United Bankshares,Financials,mid
ESNT,65.95999908447266,40291445.95336914,1255,0.0,True,Essent Group Ltd.,Financials,mid
WHD,65.01000213623047,40189781.53839111,1255,0.0,True,"Cactus, Inc.",Energy,small
VCTR,99.02999877929688,40064973.891448975,1255,0.0,True,"Victory Capital Holdings, Inc.",Financials,small
SHOO,46.08000183105469,40001210.9954834,1255,0.0,True,"Steven Madden, Ltd.",Consumer Discretionary,small
FUN,17.329999923706055,39751799.60479736,1255,0.0,True,Six Flags,Consumer Discretionary,small
FUL,55.29999923706055,39681529.499816895,1255,0.0,True,H.B. Fuller Company,Materials,small
CBT,88.0199966430664,39622954.66003418,1255,0.0,True,Cabot Corp,Materials,mid
TRIP,14.170000076293945,39551488.475990295,1255,0.0,True,TripAdvisor,Communication Services,small
CALX,35.900001525878906,39549887.40234375,1255,0.0,True,Calix,Information Technology,small
SR,79.86000061035156,39440494.02694702,1255,0.0,True,Spire,Utilities,mid
PPLI,41.56999969482422,39297753.05252075,1255,0.0,True,People Inc.,Communication Services,small
HP,34.56999969482422,39210017.0501709,1255,0.0,True,"Helmerich & Payne, Inc.",Energy,small
FMC,10.710000038146973,39190473.771858215,1255,0.0,True,FMC Corporation,Materials,small
NWS,31.270000457763672,39003484.38796997,1255,0.0,True,News Corp (Class B),Communication Services,large
ICUI,168.50999450683594,38993200.0,1255,0.0,True,ICU Medical,Health Care,small
ATMU,51.630001068115234,38833925.12435913,797,0.0,True,Atmus Filtration Technologies Inc.,Industrials,small
FULT,24.329999923706055,38753562.60108948,1255,0.0,True,Fulton Financial Corporation,Financials,small
FIBK,38.02000045776367,38482876.205444336,1255,0.0,True,"First Interstate BancSystem, Inc.",Financials,small
NWL,5.599999904632568,38321922.422504425,1255,0.0,True,Newell Brands,Consumer Discretionary,small
FHI,59.959999084472656,38272312.58850098,1255,0.0,True,Federated Hermes,Financials,mid
PLAB,30.290000915527344,38257108.222961426,1255,0.0,True,"Photronics, Inc.",Information Technology,small
TDS,33.58000183105469,38237718.1388855,1255,0.0,True,"Telephone and Data Systems, Inc.",Communication Services,small
CHEF,115.3499984741211,38097774.143218994,1255,0.0,True,"Chefs' Warehouse, Inc.",Consumer Staples,small
GATX,178.8699951171875,38071050.0,1255,0.0,True,GATX,Industrials,mid
CVSA,124.8499984741211,37969586.055755615,1255,0.0,True,Covista Inc.,Consumer Discretionary,small
CSW,318.92999267578125,37935219.54345703,1255,0.0,True,"CSW Industrials, Inc.",Industrials,small
HAYW,15.130000114440918,37772545.22705078,1255,0.0,True,"Hayward Holdings, Inc.",Industrials,small
PEB,19.100000381469727,37710512.20417023,1255,0.0,True,Pebblebrook Hotel Trust,Real Estate,small
KMT,33.970001220703125,37710139.488220215,1255,0.0,True,Kennametal,Industrials,small
MMS,60.25,37681181.62536621,1255,0.0,True,Maximus Inc.,Industrials,mid
ATEN,29.56999969482422,37631887.50267029,1255,0.0,True,"A10 Networks, Inc.",Information Technology,small
CALY,18.459999084472656,37559521.09413147,1255,0.0,True,Callaway Golf Company,Consumer Discretionary,small
ABCB,87.20999908447266,37490981.788635254,1255,0.0,True,Ameris Bancorp,Financials,small
KN,36.59000015258789,37420522.99118042,1255,0.0,True,Knowles Corporation,Information Technology,small
BHE,79.7699966430664,37329658.37097168,1255,0.0,True,"Benchmark Electronics, Inc.",Information Technology,small
PECO,42.4900016784668,37196737.61062622,1255,0.0,True,Phillips Edison & Company,Real Estate,small
AUB,42.43000030517578,37152193.57910156,1255,0.0,True,"Atlantic Union Bankshares, Corp.",Financials,small
RAMP,37.869998931884766,37147483.65211487,1255,0.0,True,"LiveRamp Holdings, Inc.",Information Technology,small
CRK,13.260000228881836,36964948.9068985,1255,0.0,True,"Comstock Resources, Inc.",Energy,small
DNOW,14.119999885559082,36943410.52980423,1255,0.0,True,NOW Inc,Industrials,small
LCII,102.36000061035156,36720254.457855225,1255,0.0,True,LCI Industries,Consumer Discretionary,small
OII,48.779998779296875,36632794.29473877,1255,0.0,True,"Oceaneering International, Inc.",Energy,small
DAN,26.93000030517578,36558642.65899658,1255,0.0,True,Dana Incorporated,Consumer Discretionary,small
MZTI,106.87000274658203,36546548.56109619,1255,0.0,True,The Marzetti Company,Consumer Staples,mid
UTI,39.310001373291016,36523655.72471619,1255,0.0,True,Universal Technical Institute,Consumer Discretionary,small
EYE,22.040000915527344,35979245.446014404,1255,0.0,True,National Vision Holdings,Consumer Discretionary,small
OGN,13.550000190734863,35940575.898742676,1255,0.0,True,Organon & Co.,Health Care,small
SKYW,106.97000122070312,35931223.41003418,1255,0.0,True,"SkyWest, Inc.",Industrials,small
SLGN,39.97999954223633,35899337.084198,1255,0.0,True,Silgan Holdings,Materials,mid
BL,31.399999618530273,35897399.71160889,1255,0.0,True,"BlackLine Systems, Inc.",Information Technology,small
EPR,62.06999969482422,35776412.24441528,1255,0.0,True,EPR Properties,Real Estate,mid
HASI,37.869998931884766,35236636.42807007,1255,0.0,True,"Hannon Armstrong Sustainable Infrastructure Capital, Inc.",Financials,small
FTDR,72.62999725341797,35225784.173583984,1255,0.0,True,"Frontdoor, Inc.",Consumer Discretionary,small
SKT,40.65999984741211,35214324.46060181,1255,0.0,True,"Tanger Factory Outlet Centers, Inc.",Real Estate,small
QTWO,60.869998931884766,35174800.0,1255,0.0,True,"Q2 Holdings, Inc.",Information Technology,small
CXT,51.95000076293945,35064060.806274414,1255,0.0,True,Crane NXT,Information Technology,mid
PGNY,31.1299991607666,35063468.678855896,1255,0.0,True,"Progyny, Inc.",Health Care,small
ROG,123.47000122070312,35059500.0,1255,0.0,True,Rogers Corporation,Information Technology,small
TNDM,19.5,34778574.006557465,1255,0.0,True,Tandem Diabetes Care,Health Care,small
CNO,55.09000015258789,34591341.89529419,1255,0.0,True,CNO Financial Group,Financials,mid
BNL,21.40999984741211,34529165.54546356,1255,0.0,True,"Broadstone Net Lease, Inc.",Real Estate,small
BKU,46.650001525878906,34473631.09817505,1255,0.0,True,"BankUnited, Inc.",Financials,small
PDFS,46.09000015258789,34277276.876831055,1255,0.0,True,"PDF Solutions, Inc.",Information Technology,small
FBP,28.93000030517578,34132051.69048309,1255,0.0,True,First BanCorp (Puerto Rico),Financials,small
ACAD,25.8700008392334,34088915.409088135,1255,0.0,True,Acadia Pharmaceuticals,Health Care,small
MAN,52.41999816894531,34052913.315582275,1255,0.0,True,ManpowerGroup,Industrials,small
CNXC,24.600000381469727,33970422.440719604,1255,0.0,True,Concentrix,Industrials,small
CRI,38.56999969482422,33819229.60510254,1255,0.0,True,"Carter's, Inc.",Consumer Discretionary,small
OPLN,39.7599983215332,33311475.563049316,1255,0.0,True,"OPENLANE, Inc.",Industrials,small
AX,101.41000366210938,33194998.741149902,1255,0.0,True,"Axos Financial, Inc.",Financials,small
PRKS,44.630001068115234,32973044.248580933,1255,0.0,True,United Parks & Resorts,Consumer Discretionary,small
WSBC,41.380001068115234,32864832.38067627,1255,0.0,True,WesBanco,Financials,small
RUSHA,79.79000091552734,32844155.14755249,1255,0.0,True,Rush Enterprises,Industrials,small
NJR,57.88999938964844,32782215.482711792,1255,0.0,True,New Jersey Resources,Utilities,mid
DORM,133.16000366210938,32478664.85595703,1255,0.0,True,"Dorman Products, Inc.",Consumer Discretionary,small
EXPO,66.8499984741211,32343680.953979492,1255,0.0,True,"Exponent, Inc.",Industrials,mid
BGC,11.520000457763672,32290945.369148254,1255,0.0,True,"BGC Group, Inc.",Financials,small
BHF,61.90999984741211,32123520.78552246,1255,0.0,True,Brighthouse Financial,Financials,mid
PLMR,133.7899932861328,32116480.696105957,1255,0.0,True,"Palomar Holdings, Inc.",Financials,small
HUBG,46.529998779296875,32027454.794311523,1255,0.0,True,"Hub Group, Inc.",Industrials,small
SNDR,35.7400016784668,31889942.88749695,1255,0.0,True,Schneider National,Industrials,small
MDU,19.950000762939453,31838025.791931152,1255,0.0,True,"MDU Resources Group, Inc.",Utilities,small
BOH,79.9000015258789,31784220.60699463,1255,0.0,True,Bank of Hawaii,Financials,small
WSFS,80.19999694824219,31600800.0,1255,0.0,True,WSFS Financial Corporation,Financials,small
SPSC,73.38999938964844,31378320.819854736,1255,0.0,True,"SPS Commerce, Inc.",Information Technology,small
CVBF,22.3700008392334,31240251.314544678,1255,0.0,True,CVB Financial Corp.,Financials,small
GTM,3.299999952316284,31234656.816101074,1255,0.0,True,ZoomInfo,Communication Services,small
NHI,76.6500015258789,31228429.614257812,1255,0.0,True,"National Health Investors, Inc.",Real Estate,small
LIF,54.04999923706055,31073972.943115234,539,0.0,True,Life360,Information Technology,small
KFY,82.2699966430664,30822481.8069458,1255,0.0,True,Korn/Ferry International,Industrials,small
BCPC,167.55999755859375,30620400.0,1255,0.0,True,Balchem Corporation,Materials,small
GFF,86.16999816894531,30558972.92327881,1255,0.0,True,Griffon Corporation,Industrials,small
CDP,37.959999084472656,30453295.792770386,1255,0.0,True,COPT Defense Properties,Real Estate,mid
UCB,35.439998626708984,30432282.134246826,1255,0.0,True,"United Community Banks, Inc.",Financials,small
COLM,59.380001068115234,30362828.354644775,1255,0.0,True,Columbia Sportswear,Consumer Discretionary,mid
CXW,29.899999618530273,30141209.62486267,1255,0.0,True,CoreCivic,Industrials,small
WDFC,227.13999938964844,30135816.650390625,1255,0.0,True,WD-40 Company,Consumer Staples,small
MHO,146.1300048828125,30014208.984375,1255,0.0,True,"M/I Homes, Inc.",Consumer Discretionary,small
NWE,68.73999786376953,29771293.074798584,1255,0.0,True,NorthWestern Energy,Utilities,mid
AOSL,31.739999771118164,29763819.675445557,1255,0.0,True,"Alpha and Omega Semiconductor, Ltd.",Information Technology,small
AAMI,86.48999786376953,29701508.920288086,1255,0.0,True,Acadian Asset Management Inc.,Financials,small
SUPN,44.630001068115234,29515877.167510986,1255,0.0,True,"Supernus Pharmaceuticals, Inc.",Health Care,small
PZZA,29.899999618530273,29334658.657836914,1255,0.0,True,Papa John's Pizza,Consumer Discretionary,small
PBH,50.220001220703125,29286347.81112671,1255,0.0,True,Prestige Consumer Healthcare,Health Care,small
MWA,25.239999771118164,29202184.356689453,1255,0.0,True,Mueller Water Products,Industrials,small
GOLF,101.2699966430664,29038265.565490723,1255,0.0,True,Acushnet Company,Consumer Discretionary,small
NIC,170.9199981689453,28951196.786499023,1255,0.0,True,Nicolet Bankshares,Financials,small
PRGO,10.109999656677246,28789895.57800293,1255,0.0,True,Perrigo,Health Care,small
UPWK,9.15999984741211,28778425.911712646,1255,0.0,True,"Upwork, Inc.",Industrials,small
AMN,33.630001068115234,28663307.24544525,1255,0.0,True,"Amn Healthcare Services, Inc.",Health Care,small
AVNT,36.31999969482422,28364270.9941864,1255,0.0,True,Avient,Materials,mid
AKR,22.469999313354492,28314624.609375,1255,0.0,True,Acadia Realty Trust,Real Estate,small
FFBC,33.83000183105469,28151344.088745117,1255,0.0,True,First Financial Bancorp,Financials,small
CATY,63.189998626708984,28063532.621002197,1255,0.0,True,Cathay General Bancorp,Financials,small
FFIN,35.13999938964844,28010466.970825195,1255,0.0,True,First Financial Bankshares,Financials,mid
HCI,175.00999450683594,27904524.51324463,1255,0.0,True,"HCI Group, Inc.",Financials,small
APAM,39.2400016784668,27875143.186950684,1255,0.0,True,"Artisan Partners Asset Management, Inc.",Financials,small
KMPR,28.3799991607666,27873128.857803345,1255,0.0,True,Kemper Corporation,Financials,small
NTST,21.450000762939453,27783444.561958313,1255,0.0,True,NETSTREIT Corp.,Real Estate,small
RNST,43.56999969482422,27731925.0,1255,0.0,True,Renasant Corp.,Financials,small
AGYS,105.16000366210938,27627909.812927246,1255,0.0,True,"Agilysys, Inc.",Information Technology,small
HLIT,11.550000190734863,27604719.5854187,1255,0.0,True,Harmonic Inc.,Information Technology,small
AGO,82.72000122070312,27543034.113311768,1255,0.0,True,Assured Guaranty Ltd.,Financials,small
FELE,104.72000122070312,27495077.5932312,1255,0.0,True,Franklin Electric,Industrials,small
WKC,39.86000061035156,27412240.29521942,1255,0.0,True,World Kinect Corporation,Energy,small
BCC,76.37999725341797,27372472.760009766,1255,0.0,True,Boise Cascade,Industrials,small
AMRX,18.31999969482422,27181307.918930054,1255,0.0,True,Amneal Pharmaceuticals,Health Care,small
VRRM,5.289999961853027,27137285.389709473,1255,0.0,True,Verra Mobility Corporation,Industrials,small
CVI,35.619998931884766,27077272.957992554,1255,0.0,True,"CVR Energy, Inc.",Energy,small
LMAT,101.31999969482422,27076696.649169922,1255,0.0,True,LeMaitre Vascular,Health Care,small
NSP,50.61000061035156,27054299.58343506,1255,0.0,True,Insperity,Industrials,small
LPG,47.41999816894531,27016620.178222656,1255,0.0,True,Dorian LPG Ltd.,Energy,small
INDB,83.83000183105469,26826089.56222534,1255,0.0,True,Independent Bank Corp.,Financials,small
LFST,10.479999542236328,26823366.747379303,1255,0.0,True,Lifestance Health,Health Care,small
RCUS,28.190000534057617,26801235.708618164,1255,0.0,True,"Arcus Biosciences, Inc.",Health Care,small
MPT,4.630000114440918,26716339.446115494,1255,0.0,True,Medical Properties Trust,Real Estate,small
UNFI,50.83000183105469,26675692.614746094,1255,0.0,True,United Natural Foods Inc,Consumer Staples,small
DEI,11.819999694824219,26612782.4968338,1255,0.0,True,Douglas Emmett,Real Estate,small
YELP,26.43000030517578,26536612.614440918,1255,0.0,True,"Yelp, Inc.",Communication Services,small
ADMA,8.460000038146973,26165788.95664215,1255,0.0,True,"ADMA Biologics, Inc.",Health Care,small
MCY,107.12000274658203,26158640.991210938,1255,0.0,True,Mercury General,Financials,small
REYN,24.940000534057617,26083509.606933594,1255,0.0,True,Reynolds Consumer Products,Consumer Staples,small
TALO,15.180000305175781,25966054.1932106,1255,0.0,True,"Talos Energy, Inc.",Energy,small
ZD,53.08000183105469,25897927.515792847,1255,0.0,True,Ziff Davis,Communication Services,small
SMPL,10.180000305175781,25890149.34539795,1255,0.0,True,Simply Good Foods Company,Consumer Staples,small
EZPW,29.770000457763672,25761124.24621582,1255,0.0,True,"EZCORP, Inc.",Financials,small
SFNC,23.59000015258789,25666344.51599121,1255,0.0,True,Simmons First National Corporation,Financials,small
ENOV,29.149999618530273,25476349.336624146,1255,0.0,True,Enovis,Health Care,small
SBCF,34.7400016784668,25443666.050338745,1255,0.0,True,Seacoast Banking Corporation of Florida,Financials,small
DV,11.25,25416247.06773758,1255,0.0,True,DoubleVerify Holdings Inc.,Communication Services,small
PHIN,73.58999633789062,25370735.833740234,776,0.0,True,"PHINIA, Inc.",Consumer Discretionary,small
IPAR,124.55000305175781,25116689.937591553,1255,0.0,True,"Inter Parfums, Inc.",Consumer Staples,small
OMCL,35.369998931884766,25056402.6763916,1255,0.0,True,Omnicell,Health Care,small
HTO,61.33000183105469,25052577.224731445,1255,0.0,True,H2O America,Utilities,small
WRLD,179.80999755859375,25044809.489440918,1255,0.0,True,World Acceptance Corporation,Financials,small
GNW,9.829999923706055,24978191.14112854,1255,0.0,True,"Genworth Financial, Inc.",Financials,small
LEG,9.800000190734863,24962560.86215973,1255,0.0,True,Leggett & Platt,Consumer Discretionary,small
SONO,14.65999984741211,24933851.75704956,1255,0.0,True,"Sonos, Inc.",Consumer Discretionary,small
AVA,40.45000076293945,24766829.096984863,1255,0.0,True,Avista Corporation,Utilities,small
NATL,47.029998779296875,24327894.74143982,703,0.0,True,NCR Atleos,Financials,small
ECPG,94.08000183105469,24313140.983581543,1255,0.0,True,"Encore Capital Group, Inc.",Financials,small
ANIP,79.23999786376953,24284830.987548828,1255,0.0,True,"ANI Pharmaceuticals, Inc.",Health Care,small
CON,31.649999618530273,24191133.46710205,506,0.0,True,"Concentra Group Holdings Parent, Inc.",Health Care,small
PAYO,7.170000076293945,24160718.387794495,1255,0.0,True,Payoneer Global Inc.,Financials,small
HRMY,35.2400016784668,24035352.243041992,1255,0.0,True,"Harmony Biosciences Holdings, Inc.",Health Care,small
ALG,159.0800018310547,23996688.97705078,1255,0.0,True,Alamo Group,Industrials,small
TRN,31.239999771118164,23834221.06742859,1255,0.0,True,"Trinity Industries, Inc.",Industrials,small
DXPE,157.02000427246094,23789839.599609375,1255,0.0,True,"DXP Enterprises, Inc.",Industrials,small
PRVA,23.670000076293945,23696711.769104004,1255,0.0,True,"Privia Health Group, Inc.",Health Care,small
CWK,13.420000076293945,23656744.93455887,1255,0.0,True,Cushman & Wakefield plc,Real Estate,small
LXP,60.529998779296875,23622906.20880127,1255,0.0,True,Lexington Realty Trust,Real Estate,small
MBC,8.25,23614500.0,912,0.0,True,"MasterBrand, Inc.",Industrials,small
SHO,11.770000457763672,23599021.228027344,1255,0.0,True,"Sunstone Hotel Investors, Inc.",Real Estate,small
AWR,85.63999938964844,23298638.243865967,1255,0.0,True,American States Water Company,Utilities,small
FA,19.84000015258789,23261280.45272827,1255,0.0,True,First Advantage Corporation,Industrials,small
DRH,13.239999771118164,23180004.240989685,1255,0.0,True,DiamondRock Hospitality Company,Real Estate,small
HNI,45.0099983215332,23155227.170562744,1255,0.0,True,HNI Corporation,Industrials,small
CUBI,78.68000030517578,23092330.35507202,1255,0.0,True,"Customers Bancorp, Inc.",Financials,small
GO,9.1899995803833,23083291.727733612,1255,0.0,True,Grocery Outlet,Consumer Staples,small
NTCT,40.66999816894531,23067263.916015625,1255,0.0,True,"NETSCOUT Systems, Inc.",Information Technology,small
CERT,8.100000381469727,23063628.16886902,1255,0.0,True,"Certara, Inc.",Health Care,small
IBOC,76.54000091552734,23047085.06011963,1255,0.0,True,Intl Bancshares Corp,Financials,mid
ADUS,115.4800033569336,22931908.264160156,1255,0.0,True,Addus HomeCare Corp.,Health Care,small
TBBK,67.06999969482422,22832722.68447876,1255,0.0,True,"The Bancorp, Inc.",Financials,small
OI,7.150000095367432,22779540.382385254,1255,0.0,True,"O-I Glass, Inc.",Materials,small
ALRM,54.75,22693150.0,1255,0.0,True,"Alarm.Com, Inc.",Financials,small
NEO,15.289999961853027,22640903.16953659,1255,0.0,True,"NeoGenomics Laboratories, Inc.",Health Care,small
GSHD,62.0,22397300.0,1255,0.0,True,"Goosehead Insurance, Inc.",Financials,small
DBD,73.58999633789062,22386080.471801758,744,0.0,True,Diebold Nixdorf,Information Technology,small
BJRI,67.61000061035156,22343360.650634766,1255,0.0,True,"BJ's Restaurants, Inc.",Consumer Discretionary,small
PRDO,31.809999465942383,22146005.155944824,1255,0.0,True,Perdoceo Education Corp.,Consumer Discretionary,small
SAH,91.58000183105469,22134544.73876953,1255,0.0,True,"Sonic Automotive, Inc.",Consumer Discretionary,small
VCEL,45.959999084472656,22023407.711791992,1255,0.0,True,Vericel,Health Care,small
DCH,5.650000095367432,21992363.6592865,1255,0.0,True,Dauch Corporation,Consumer Discretionary,small
UNIT,9.720000267028809,21900960.736083984,1255,0.0,True,Uniti Group,Communication Services,small
DGII,69.72000122070312,21835000.0,1255,0.0,True,Digi International Inc.,Information Technology,small
ABR,5.010000228881836,21753600.0,1255,0.0,True,Arbor Realty Trust,Financials,small
HE,12.920000076293945,21725120.571231842,1255,0.0,True,"Hawaiian Electric Industries, Inc.",Utilities,small
NHC,226.02999877929688,21711251.07421875,1255,0.0,True,"National Healthcare, Corp.",Health Care,small
BRC,94.2699966430664,21565409.971618652,1255,0.0,True,Brady Corporation,Industrials,small
BXMT,14.539999961853027,21562694.520378113,1255,0.0,True,"Blackstone Mortgage Trust, Inc.",Financials,small
IVT,35.40999984741211,21414979.568481445,1255,0.0,True,InvenTrust Properties,Real Estate,small
CWT,50.11000061035156,21410451.850891113,1255,0.0,True,California Water Service Group,Utilities,small
ASTH,35.560001373291016,21374284.507751465,1255,0.0,True,"Astrana Health, Inc.",Health Care,small
PFS,24.68000030517578,21142518.28765869,1255,0.0,True,"Provident Financial Services, Inc.",Financials,small
ANDE,70.77999877929688,21125981.78100586,1255,0.0,True,"The Andersons, Inc.",Consumer Staples,small
QDEL,16.770000457763672,20946607.389068604,1255,0.0,True,QuidelOrtho,Health Care,small
BKE,43.77000045776367,20921781.92138672,1255,0.0,True,"The Buckle, Inc.",Consumer Discretionary,small
GNL,8.720000267028809,20877569.58694458,1255,0.0,True,"Global Net Lease, Inc.",Real Estate,small
HWKN,128.02999877929688,20827756.141662598,1255,0.0,True,"Hawkins, Inc.",Materials,small
STAA,24.360000610351562,20792070.11604309,1255,0.0,True,STAAR Surgical Company,Health Care,small
BBT,31.510000228881836,20785170.52078247,1255,0.0,True,Beacon Financial Corp.,Financials,small
BLKB,42.79999923706055,20626925.422668457,1255,0.0,True,Blackbaud,Information Technology,small
KWR,160.52000427246094,20332584.326171875,1255,0.0,True,Quaker Chemical Corporation,Materials,small
EFOR,28.440000534057617,20320559.2546463,1255,0.0,True,Everforth Inc.,Information Technology,small
STRA,82.0,20165059.844970703,1255,0.0,True,"Strategic Education, Inc.",Consumer Discretionary,small
ENR,20.969999313354492,20153346.88682556,1255,0.0,True,Energizer,Consumer Staples,small
SFBS,89.5,20138276.611328125,1255,0.0,True,"ServisFirst Bancshares, Inc.",Financials,small
WLY,52.20000076293945,20001901.906555176,1255,0.0,True,John Wiley & Sons,Communication Services,small
PRGS,40.59000015258789,19955235.525894165,1255,0.0,True,Progress Software Corporation,Information Technology,small
ADNT,21.040000915527344,19923919.090270996,1255,0.0,True,Adient,Consumer Discretionary,small
GHC,1203.5400390625,19852749.755859375,1255,0.0,True,Graham Holdings,Consumer Discretionary,mid
CNS,82.2699966430664,19845539.137268066,1255,0.0,True,"Cohen & Steers, Inc.",Financials,small
FTRE,19.170000076293945,19665275.637817383,783,0.0,True,Fortrea,Health Care,small
NMIH,44.29999923706055,19492956.96258545,1255,0.0,True,"NMI Holdings, Inc.",Financials,small
GBX,49.25,19363910.201263428,1255,0.0,True,"The Greenbrier Companies, Inc.",Industrials,small
CPK,132.77999877929688,19271700.0,1255,0.0,True,Chesapeake Utilities Corp.,Utilities,small
CCS,67.16000366210938,19153056.201171875,1255,0.0,True,"Century Communities, Inc.",Consumer Discretionary,small
ABM,47.90999984741211,19091715.213012695,1255,0.0,True,"ABM Industries, Inc.",Industrials,small
SBH,14.970000267028809,19014655.2734375,1255,0.0,True,"Sally Beauty Holdings, Inc.",Consumer Discretionary,small
AZTA,28.1299991607666,18954936.199951172,1255,0.0,True,"Azenta, Inc.",Health Care,small
OTTR,88.41999816894531,18844617.874145508,1255,0.0,True,Otter Tail Corporation,Utilities,small
USLM,110.30000305175781,18816574.325561523,1255,0.0,True,"United States Lime & Minerals, Inc.",Materials,small
LNN,110.81999969482422,18796337.87689209,1255,0.0,True,Lindsay Corporation,Materials,small
BLFS,31.280000686645508,18705634.7322464,1255,0.0,True,"BioLife Solutions, Inc.",Health Care,small
OSW,25.760000228881836,18659640.411949158,1255,0.0,True,OneSpaWorld Holdings Limited,Consumer Discretionary,small
PLUS,92.41000366210938,18644039.654541016,1255,0.0,True,"ePlus, Inc.",Information Technology,small
WAFD,36.77000045776367,18607643.16177368,1255,0.0,True,"WaFd, Inc.",Financials,small
FBK,60.380001068115234,18597599.487304688,1255,0.0,True,FB Financial Corp.,Financials,small
CNMD,46.29999923706055,18561532.132720947,1255,0.0,True,CONMED Corporation,Health Care,small
WGO,30.280000686645508,18468586.899375916,1255,0.0,True,"Winnebago Industries, Inc.",Consumer Discretionary,small
EPC,27.190000534057617,18138267.051887512,1255,0.0,True,Edgewell Personal Care,Consumer Staples,small
CTS,64.12000274658203,18044741.51763916,1255,0.0,True,CTS Corporation,Information Technology,small
MGEE,79.52999877929688,17985875.79727173,1255,0.0,True,"MGE Energy, Inc.",Utilities,small
LGIH,54.56999969482422,17912423.859786987,1255,0.0,True,LGI Homes,Consumer Discretionary,small
LTC,40.2400016784668,17880171.075439453,1255,0.0,True,"LTC Properties, Inc.",Real Estate,small
CXM,6.360000133514404,17805611.473464966,1255,0.0,True,"Sprinklr, Inc.",Information Technology,small
FCPT,25.600000381469727,17634768.951416016,1255,0.0,True,"Four Corners Property Trust, Inc.",Real Estate,small
VRTS,159.35000610351562,17544929.11376953,1255,0.0,True,"Virtus Investment Partners, Inc.",Financials,small
UE,22.65999984741211,17526845.650863647,1255,0.0,True,Urban Edge Properties,Real Estate,small
BANR,70.41000366210938,17521800.72784424,1255,0.0,True,Banner Corporation,Financials,small
JJSF,76.5,17493357.621002197,1255,0.0,True,J&J Snack Foods Corp.,Consumer Staples,small
MCRI,122.75,17467325.0,1255,0.0,True,"Monarch Casino & Resort, Inc.",Consumer Discretionary,small
MD,26.510000228881836,17312750.0,1255,0.0,True,Pediatrix Medical Group,Health Care,small
LZ,7.869999885559082,17117555.534791946,1255,0.0,True,"LegalZoom.com, Inc.",Industrials,small
TFIN,75.93000030517578,17007759.578704834,1255,0.0,True,"Triumph Bancorp, Inc.",Financials,small
CASH,88.23999786376953,16935027.374267578,1255,0.0,True,"Pathward Financial, Inc.",Financials,small
SPNT,23.649999618530273,16871160.842323303,1255,0.0,True,SiriusPoint Ltd.,Financials,small
IIPR,58.810001373291016,16855716.402053833,1255,0.0,True,"Innovative Industrial Properties, Inc.",Real Estate,small
CBU,64.80999755859375,16853832.689666748,1255,0.0,True,"Community Bank System, Inc.",Financials,small
FG,28.56999969482422,16830768.955993652,924,0.0,True,"F&G Annuities & Life, Inc.",Financials,small
PRG,44.02000045776367,16799427.659606934,1255,0.0,True,"PROG Holdings, Inc.",Financials,small
TWO,12.09000015258789,16771367.139816284,1255,0.0,True,Two Harbors Investment Corp.,Financials,small
NGVT,73.11000061035156,16721575.0,1255,0.0,True,"Ingevity, Corp.",Materials,small
CCOI,13.5,16700167.762947083,1255,0.0,True,"Cogent Communications Holdings, Inc.",Communication Services,small
BANF,112.81999969482422,16687368.968200684,1255,0.0,True,Bancfirst Corp,Financials,small
NBTB,52.650001525878906,16644284.452056885,1255,0.0,True,"NBT Bancorp, Inc.",Financials,small
AORT,26.829999923706055,16369858.450889587,1255,0.0,True,Artivion,Health Care,small
TRMK,47.45000076293945,16333976.945114136,1255,0.0,True,Trustmark Corp.,Financials,small
VSTS,14.460000038146973,16297280.855083466,713,0.0,True,Vestis,Industrials,small
SDGR,15.140000343322754,16275951.596832275,1255,0.0,True,"Schrödinger, Inc.",Health Care,small
NEOG,12.039999961853027,16251536.73248291,1255,0.0,True,Neogen,Health Care,small
WWW,19.68000030517578,16200043.600463867,1255,0.0,True,"Wolverine World Wide, Inc.",Consumer Discretionary,small
UPBD,19.389999389648438,16057404.185295105,1255,0.0,True,"Upbound Group, Inc.",Consumer Discretionary,small
PRK,208.14999389648438,16038871.58203125,1255,0.0,True,Park National Corp.,Financials,small
WINA,333.5,16034731.491088867,1255,0.0,True,Winmark,Consumer Discretionary,small
INVA,20.969999313354492,15913716.054153442,1255,0.0,True,"Innoviva, Inc.",Health Care,small
ARLO,14.720000267028809,15882327.439880371,1255,0.0,True,Arlo Technologies,Information Technology,small
GRBK,70.7300033569336,15806965.466308594,1255,0.0,True,"Green Brick Partners, Inc.",Consumer Discretionary,small
UA,6.489999771118164,15695933.363399506,1255,0.0,True,Under Armour (Class C),Consumer Discretionary,small
CRSR,10.609999656677246,15600640.338134766,1255,0.0,True,Corsair Gaming,Information Technology,small
IART,16.649999618530273,15569414.643287659,1255,0.0,True,Integra Lifesciences Holdings,Health Care,small
GIII,36.40999984741211,15368660.935592651,1255,0.0,True,"G-III Apparel Group, Ltd.",Consumer Discretionary,small
MTX,76.23999786376953,15210499.6925354,1255,0.0,True,Minerals Technologies,Materials,small
TILE,34.2599983215332,15126076.20048523,1255,0.0,True,"Interface, Inc.",Industrials,small
VYX,8.270000457763672,15006018.570137024,1255,0.0,True,NCR Voyix,Information Technology,small
PRLB,75.05000305175781,14965136.529541016,1255,0.0,True,Protolabs,Industrials,small
CHCO,145.11000061035156,14943056.54296875,1255,0.0,True,City Holding Company,Financials,small
EPAC,35.7400016784668,14927094.705963135,1255,0.0,True,Enerpac Tool Group,Industrials,small
EFC,13.279999732971191,14856127.972888947,1255,0.0,True,"Ellington Financial, Inc.",Financials,small
GTY,34.13999938964844,14506695.762634277,1255,0.0,True,Getty Realty Corp.,Real Estate,small
NWBI,15.739999771118164,14372193.039989471,1255,0.0,True,"Northwest Bancshares, Inc.",Financials,small
EVTC,30.440000534057617,14366772.296142578,1255,0.0,True,"EVERTEC, Inc.",Financials,small
GEF,86.55000305175781,14291583.806991577,1255,0.0,True,"Greif, Inc.",Materials,mid
VIR,8.65999984741211,14145430.23109436,1255,0.0,True,"Vir Biotechnology, Inc.",Health Care,small
ROCK,42.2599983215332,13997919.891357422,1255,0.0,True,"Gibraltar Industries, Inc.",Industrials,small
WD,49.689998626708984,13955462.482070923,1255,0.0,True,"Walker & Dunlop, Inc.",Financials,small
LZB,39.380001068115234,13918616.627120972,1255,0.0,True,"La-Z-Boy, Inc.",Consumer Discretionary,small
IOSP,85.9800033569336,13860014.430999756,1255,0.0,True,"Innospec, Inc.",Materials,small
HCSG,23.299999237060547,13817995.954322815,1255,0.0,True,"Healthcare Services Group, Inc.",Industrials,small
USPH,79.05999755859375,13753584.173583984,1255,0.0,True,"U.S. Physical Therapy, Inc.",Health Care,small
JOE,62.2400016784668,13680504.38117981,1255,0.0,True,St. Joe Company,Real Estate,small
AIN,74.51000213623047,13675188.217163086,1255,0.0,True,Albany International Corp.,Industrials,small
OFG,52.86000061035156,13595592.156982422,1255,0.0,True,OFG Bancorp,Financials,small
XHR,20.579999923706055,13531249.76158142,1255,0.0,True,"Xenia Hotels & Resorts, Inc.",Real Estate,small
NBHC,43.189998626708984,13489877.809143066,1255,0.0,True,National Bank Holdings Corporation,Financials,small
FCF,21.530000686645508,13430447.602844238,1255,0.0,True,"First Commonwealth Financial, Corp.",Financials,small
ACT,47.31999969482422,13425112.671279907,1223,0.0,True,"Enact Holdings, Inc.",Financials,small
DMC,29.709999084472656,13409599.822998047,1255,0.0,True,Del Monte Corporation,Consumer Staples,small
AHCO,10.800000190734863,13145840.698814392,1255,0.0,True,AdaptHealth Corp.,Health Care,small
COLL,35.38999938964844,13049999.713897705,1255,0.0,True,"Collegium Pharmaceutical, Inc.",Health Care,small
NSSC,37.08000183105469,13011933.251953125,1255,0.0,True,Napco Security Technologies,Information Technology,small
HLX,9.510000228881836,12895343.68057251,1255,0.0,True,"Helix Energy Solutions Group, Inc.",Energy,small
MRTN,14.789999961853027,12889087.196540833,1255,0.0,True,"Marten Transport, Ltd.",Industrials,small
MLKN,22.520000457763672,12829871.696281433,1255,0.0,True,"MillerKnoll, Inc.",Industrials,small
DFIN,47.29999923706055,12796542.584609985,1255,0.0,True,"Donnelley Financial Solutions, Inc.",Financials,small
SCHL,40.650001525878906,12776805.536270142,1255,0.0,True,Scholastic Corporation,Consumer Discretionary,small
NPK,121.41999816894531,12668100.637817383,1255,0.0,True,"National Presto Industries, Inc.",Industrials,small
FBNC,62.869998931884766,12629299.089431763,1255,0.0,True,First Bancorp (Southern Pines NC),Financials,small
HMN,52.11000061035156,12510564.254760742,1255,0.0,True,Horace Mann Educators Corporation,Financials,small
STC,67.58999633789062,12394577.503967285,1255,0.0,True,Stewart Information Services Corporation,Financials,small
PMT,9.430000305175781,12329831.679725647,1255,0.0,True,PennyMac Mortgage Investment Trust,Real Estate,small
SLVM,37.40999984741211,12318192.095947266,1218,0.0,True,Sylvamo Corp.,Materials,small
FIZZ,31.639999389648438,12104871.881103516,1255,0.0,True,National Beverage Corp.,Consumer Staples,small
NWN,48.91999816894531,12032696.976470947,1255,0.0,True,NW Natural,Utilities,small
STBA,52.150001525878906,11855886.344146729,1255,0.0,True,"S&T Bancorp, Inc.",Financials,small
TNC,84.02999877929688,11821862.126159668,1255,0.0,True,Tennant Company,Industrials,small
HOPE,14.010000228881836,11693259.032535553,1255,0.0,True,"Hope Bancorp, Inc.",Financials,small
PCRX,26.40999984741211,11669666.106796265,1255,0.0,True,"Pacira BioSciences, Inc.",Health Care,small
DCOM,40.7599983215332,11232479.00390625,1255,0.0,True,"Dime Community Bancshares, Inc.",Financials,small
CRVL,60.060001373291016,11092950.0,1255,0.0,True,CorVel Corporation,Health Care,small
XNCR,20.209999084472656,10961029.967308044,1255,0.0,True,Xencor Inc,Health Care,small
WOR,56.209999084472656,10905553.86428833,1255,0.0,True,Worthington Enterprises,Industrials,small
PRSU,50.529998779296875,10897259.801101685,1255,0.0,True,"Pursuit Attractions & Hospitality, Inc.",Consumer Discretionary,small
CENTA,37.90999984741211,10830311.737060547,1255,0.0,True,Central Garden & Pet Company (Class A),Consumer Staples,small
LKFN,62.650001525878906,10780739.728546143,1255,0.0,True,Lakeland Financial,Financials,small
PFBC,104.44000244140625,10444476.708984375,1255,0.0,True,Preferred Bank,Financials,small
HTH,39.439998626708984,10410431.537246704,1255,0.0,True,Hilltop Holdings Inc.,Financials,small
UVV,52.689998626708984,10373327.819824219,1255,0.0,True,Universal Corporation,Consumer Staples,small
QNST,15.5,10335205.800628662,1255,0.0,True,"QuinStreet, Inc.",Communication Services,small
THRM,40.58000183105469,10225928.08227539,1255,0.0,True,Gentherm Incorporated,Consumer Discretionary,small
HZO,34.470001220703125,10176764.141082764,1255,0.0,True,"MarineMax, Inc.",Consumer Discretionary,small
PAHC,36.33000183105469,10127440.544128418,1255,0.0,True,Phibro Animal Health,Health Care,small
WABC,60.150001525878906,10113029.713439941,1255,0.0,True,Westamerica Bank,Financials,small
EIG,50.54999923706055,10071048.03352356,1255,0.0,True,"Employers Holdings, Inc.",Financials,small
ASTE,50.65999984741211,10039550.0,1255,0.0,True,"Astec Industries, Inc.",Industrials,small
SCSC,56.619998931884766,10038043.762207031,1255,0.0,True,"ScanSource, Inc.",Information Technology,small
XPEL,44.369998931884766,9864971.891784668,1255,0.0,True,"XPEL, Inc.",Consumer Discretionary,small
DLX,25.8700008392334,9813532.334518433,1255,0.0,True,Deluxe Corporation,Industrials,small
AMPH,19.940000534057617,9515655.318260193,1255,0.0,True,"Amphstar Pharmaceuticals, Inc.",Health Care,small
RES,5.610000133514404,9492352.816057205,1255,0.0,True,"RPC, Inc.",Energy,small
DFH,12.789999961853027,9429054.023265839,1255,0.0,True,"Dream Finders Homes, Inc.",Consumer Discretionary,small
CNXN,83.72000122070312,9401325.0,1255,0.0,True,"PC Connection, Inc.",Information Technology,small
WS,36.0099983215332,9395644.401550293,670,0.0,True,Worthington Steel,Materials,small
INVX,28.079999923706055,9321978.834152222,1255,0.0,True,"Innovex International, Inc.",Energy,small
HTLD,12.229999542236328,9257455.757522583,1255,0.0,True,"Heartland Express, Inc.",Industrials,small
AAT,23.59000015258789,9222600.173950195,1255,0.0,True,American Assets Trust,Real Estate,small
FOXF,18.0,9040878.465270996,1255,0.0,True,Fox Factory,Consumer Discretionary,small
DEA,24.360000610351562,8983655.972671509,1255,0.0,True,"Easterly Government Properties, Inc.",Real Estate,small
JBSS,82.76000213623047,8885855.712890625,1255,0.0,True,"John B. Sanfilippo & Son, Inc.",Consumer Staples,small
VTOL,45.31999969482422,8695287.818908691,1255,0.0,True,Bristow Group Inc.,Energy,small
TRUP,24.489999771118164,8396112.283325195,1255,0.0,True,Trupanion,Financials,small
FBRT,7.590000152587891,8184617.8150177,1200,0.0,True,"Franklin BSP Realty Trust, Inc.",Real Estate,small
APOG,39.599998474121094,8018775.0,1255,0.0,True,"Apogee Enterprises, Inc.",Industrials,small
SAFT,103.38999938964844,7874567.724609375,1255,0.0,True,"Safety Insurance Group, Inc.",Financials,small
NAVI,8.390000343322754,7680830.868530273,1255,0.0,True,Navient,Financials,small
CSR,54.84000015258789,7641757.958221436,1255,0.0,True,Centerspace Trust,Real Estate,small
REX,43.040000915527344,7500771.156692505,1255,0.0,True,REX American Resources Corporation,Energy,small
NABL,4.679999828338623,7386712.226200104,1255,0.0,True,"N-able, Inc.",Information Technology,small
HFWA,29.729999542236328,7318500.194549561,1255,0.0,True,Heritage Financial Corporation,Financials,small
TMP,99.83999633789062,7111040.100097656,1255,0.0,True,Tompkins Financial Corporation,Financials,small
KOP,49.02000045776367,7032997.177124023,1255,0.0,True,"Koppers Holdings, Inc.",Materials,small
HAFC,31.8799991607666,7019128.7940979,1255,0.0,True,Hanmi Financial Corporation,Financials,small
JBGS,14.050000190734863,7011839.962005615,1255,0.0,True,JBG Smith,Real Estate,small
MSEX,57.29999923706055,6953845.77331543,1255,0.0,True,Middlesex Water Company,Utilities,small
UFCS,51.36000061035156,6920207.954406738,1255,0.0,True,"United Fire Group, Inc.",Financials,small
EGBN,27.75,6783909.058570862,1255,0.0,True,Eagle Bancorp Inc,Financials,small
TR,39.02000045776367,6752981.428527832,1255,0.0,True,"Tootsie Roll Industries, Inc.",Consumer Staples,small
MATW,27.75,6618330.074310303,1255,0.0,True,Matthews International Corporation,Consumer Discretionary,small
AMSF,29.040000915527344,6528962.298583984,1255,0.0,True,"Amerisafe, Inc.",Financials,small
SCL,64.13999938964844,6457210.255813599,1255,0.0,True,Stepan Company,Materials,small
MTUS,20.1200008392334,6454097.826004028,1255,0.0,True,Metallus Inc,Materials,small
LQDT,38.97999954223633,6388821.924972534,1255,0.0,True,"Liquidity Services, Inc.",Industrials,small
MBIN,55.18000030517578,6385202.407836914,1255,0.0,True,Merchants Bancorp,Financials,small
ADAM,9.069999694824219,6382854.212188721,1255,0.0,True,"Adamas Trust, Inc.",Real Estate,small
AGNT,4.050000190734863,6312657.21373558,1255,0.0,True,"eXp World Holdings, Inc.",Real Estate,small
NX,17.84000015258789,6214006.11038208,1255,0.0,True,Quanex Building Products Corporation,Industrials,small
CFFN,8.84000015258789,6050334.132814407,1255,0.0,True,Capitol Federal Savings Bank,Financials,small
TRST,56.97999954223633,5970239.329147339,1255,0.0,True,TrustCo Bank Corp NY,Financials,small
MMI,30.75,5781671.970748901,1255,0.0,True,"Marcus & Millichap, Inc.",Real Estate,small
UTL,53.939998626708984,5579348.132324219,1255,0.0,True,Unitil Corporation,Utilities,small
NXRT,26.110000610351562,5314125.0,1255,0.0,True,"NexPoint Residential Trust, Inc.",Real Estate,small
SHEN,11.989999771118164,5297070.127487183,1255,0.0,True,Shenandoah Telecommunications Co,Communication Services,small
HSTM,28.040000915527344,5124869.923782349,1255,0.0,True,"HealthStream, Inc.",Health Care,small
SAFE,16.18000030517578,5046510.968208313,1255,0.0,True,"Safehold, Inc.",Real Estate,small
CPF,39.400001525878906,4643432.1533203125,1255,0.0,True,Central Pacific Financial Corp.,Financials,small
SMP,38.22999954223633,4405932.665634155,1255,0.0,True,"Standard Motor Products, Inc.",Consumer Discretionary,small
SBSI,32.5099983215332,3578361.0969543457,1255,0.0,True,"Southside Bancshares, Inc.",Financials,small
CENT,43.04999923706055,2943675.0411987305,1255,0.0,True,Central Garden & Pet Company,Consumer Staples,small
BFS,34.06999969482422,2623813.579559326,1255,0.0,True,"Saul Centers, Inc.",Real Estate,small
